Branch,Month_Year,Total_Sales,Veg_Sales,NonVeg_Sales,South_Indian_Sales,South_Indian_Quantity,Chinese_Sales,Chinese_Quantity,North_Indian_Sales,North_Indian_Quantity,Arabian_Sales,Arabian_Quantity,Direct_Sales,Swiggy_Sales,Zomato_Sales,Swiggy_Revenue_After_Commission,Zomato_Revenue_After_Commission,Total_Expenses,Grocery_Expenses,Total_Salaries,Net_Profit,Total_Employees,Female_Employees,Male_Employees,Year,Month_Number,Month_Name,Quarter,Online_Sales,Direct_Sales_Percent,Total_Cuision_Sales,Total_Quantity_Sold,Average_Sales_Per_Item,Profit_Margin,Total_Expence_Ratio,Sales_Per_Employee,Male,Female,Swiggy_Commision,Zomato_Commision,Total_Commision
Chennai,01-07-2024,729593,285808,443785,291837,1167,182398,365,182398,456,72959,133,432561,146367,150665,109775,117519,1168448,255358,913090,474235,30,11,19,2024,7,July,Q3,146387.6506,59.28798659,729592,2121,343.9849128,64.99993832,160.1506593,24319.76667,63.33333333,36.66666667,36592,33146,69738
Coimbatore,01-07-2024,738707,295848,442859,295483,1182,184677,369,184677,462,73871,134,408195,220519,109993,165389,85795,998777,258547,740230,480160,30,13,17,2024,7,July,Q3,220533.8899,55.25803871,738708,2147,344.0652073,65.00006092,135.2061101,24623.56667,56.66666667,43.33333333,55130,24198,79328
Dindugal,01-06-2025,1142008,463262,678746,456803,1827,285502,571,285502,714,114201,208,670067,241833,230108,181375,179484,1260443,399703,860740,742305,30,13,17,2025,6,June,Q2,241853.1494,58.67445762,1142008,3320,343.9783133,64.99998249,110.370768,38066.93333,56.66666667,43.33333333,60458,50624,111082
Dindugal,01-10-2025,976690,413374,563316,390676,1563,244172,488,244172,610,97669,178,539598,281672,155420,211254,121228,1122092,341842,780250,634848,30,12,18,2025,10,October,Q4,281687.9129,55.24762207,976689,2839,344.0257133,64.99994881,114.8872211,32556.33333,60,40,70418,34192,104610
Kanyakumari,01-08-2025,904164,353208,550956,361666,1447,226041,452,226041,565,90416,164,549035,201389,153740,151042,119917,1017147,316457,700690,587707,30,12,18,2025,8,August,Q3,201406.0036,60.72294407,904164,2628,344.0502283,65.00004424,112.4958525,30138.8,60,40,50347,33823,84170
Madurai,01-08-2024,1191223,477292,713931,476489,1906,297806,596,297806,745,119122,217,662657,265732,262834,199299,205011,1221688,416928,804760,774295,30,11,19,2024,8,August,Q3,265754.0642,55.62829126,1191223,3464,343.8865473,65.0000042,102.5574557,39707.43333,63.33333333,36.66666667,66433,57823,124256
Madurai,01-10-2025,985884,435385,550499,394354,1577,246471,493,246471,616,98588,179,638563,234055,113266,175541,88347,1163919,345059,818860,640825,30,11,19,2025,10,October,Q4,234066.4888,64.77060182,985884,2865,344.113089,65.00004057,118.0584126,32862.8,63.33333333,36.66666667,58514,24919,83433
Ooty,01-12-2024,1195525,528160,667365,478210,1913,298881,598,298881,747,119552,217,662827,328920,203778,246690,158947,1198264,418434,779830,777091,30,11,19,2024,12,December,Q4,328937.0451,55.44233705,1195524,3475,344.0356835,64.99997909,100.2291044,39850.83333,63.33333333,36.66666667,82230,44831,127061
Ooty,01-10-2025,731606,294278,437328,292642,1171,182902,366,182902,457,73161,133,463157,211580,56869,158685,44358,1065082,256062,809020,475544,30,13,17,2025,10,October,Q4,211587.7732,63.30688923,731607,2127,343.9619182,65.00001367,145.5813648,24386.86667,56.66666667,43.33333333,52895,12511,65406
Salem,01-07-2024,828673,338963,489710,331469,1326,207168,414,207168,518,82867,151,511406,169385,147882,127039,115348,1031466,290036,741430,538637,30,11,19,2024,7,July,Q3,169402.8456,61.71384853,828672,2409,343.9900374,64.9999457,124.4720173,27622.43333,63.33333333,36.66666667,42346,32534,74880
Salem,01-06-2025,878798,347387,531411,351519,1406,219700,439,219700,549,87880,160,535883,210995,131920,158246,102898,1191839,307579,884260,571219,30,11,19,2025,6,June,Q2,211010.0114,60.97908734,878799,2554,344.087314,65.00003414,135.6214966,29293.26667,63.33333333,36.66666667,52749,29022,81771
Tirunelveli,01-09-2025,771511,322492,449019,308604,1234,192878,386,192878,482,77151,140,473394,204235,93882,153176,73228,1144329,270029,874300,501482,30,11,19,2025,9,September,Q3,204247.1686,61.35933253,771511,2242,344.117306,64.99998056,148.3230958,25717.03333,63.33333333,36.66666667,51059,20654,71713
Tirunelveli,01-10-2025,723745,309598,414147,289498,1158,180936,362,180936,452,72374,132,445645,165319,112781,123989,87969,968971,253311,715660,470434,30,12,18,2025,10,October,Q4,165334.583,61.57486408,723744,2104,343.9847909,64.99996546,133.8829284,24124.83333,60,40,41330,24812,66142
Chennai,01-04-2024,1038831,400105,638726,415532,1662,259708,519,259708,649,103883,189,593358,245010,200463,183758,156361,1104463,363591,740872,675240,31,12,19,2024,4,April,Q2,245029.297,57.11785651,1038831,3019,344.0977145,64.99998556,106.3178708,33510.67742,61.29032258,38.70967742,61252,44102,105354
Coimbatore,01-01-2024,1078158,416472,661686,431263,1725,269540,539,269540,674,107816,196,673785,321448,82925,241086,64682,1293346,377355,915991,700803,31,11,20,2024,1,January,Q1,321455.6914,62.49408714,1078159,3134,344.0201021,65.00002783,119.9588558,34779.29032,64.51612903,35.48387097,80362,18243,98605
Kodaikanal,01-08-2025,951451,373663,577788,380580,1522,237863,476,237863,595,95145,173,562899,217821,170731,163366,133170,1279596,333008,946588,618443,31,13,18,2025,8,August,Q3,217838.9443,59.16216389,951451,2766,343.9808388,64.99998423,134.4889017,30691.96774,58.06451613,41.93548387,54455,37561,92016
Kodaikanal,01-10-2025,891863,385537,506326,356745,1427,222966,446,222966,557,89186,162,551577,237943,102343,178457,79828,1195128,312152,882976,579711,31,14,17,2025,10,October,Q4,237954.4752,61.84548524,891863,2592,344.0829475,65.00000561,134.0035409,28769.77419,54.83870968,45.16129032,59486,22515,82001
Thoothukudi,01-04-2024,1199849,467318,732531,479940,1920,299962,600,299962,750,119985,218,735966,357756,106127,268317,82779,1454792,419947,1034845,779902,31,12,19,2024,4,April,Q2,357764.845,61.33821839,1199849,3488,343.993406,65.0000125,121.2479237,38704.80645,61.29032258,38.70967742,89439,23348,112787
Thoothukudi,01-12-2025,1151295,506537,644758,460518,1842,287824,576,287824,720,115130,209,742905,248240,160150,186180,124917,1137656,402953,734703,748342,31,13,18,2025,12,December,Q4,248253.9104,64.5277709,1151296,3347,343.9784882,65.00002171,98.81533404,37138.54839,58.06451613,41.93548387,62060,35233,97293
Tirunelveli,01-06-2024,1131863,480819,651044,452745,1811,282966,566,282966,707,113186,206,653111,250114,228638,187586,178338,1132684,396152,736532,735711,31,13,18,2024,6,June,Q2,250134.2001,57.70230143,1131863,3290,344.031307,65.00000442,100.0725353,36511.70968,58.06451613,41.93548387,62528,50300,112828
Tirunelveli,01-07-2024,1152443,486502,665941,460977,1844,288111,576,288111,720,115244,210,697127,311302,144014,233476,112331,1427660,403355,1024305,749088,31,11,20,2024,7,July,Q3,311314.4964,60.49123471,1152443,3350,344.0128358,65.00000434,123.8811811,37175.58065,64.51612903,35.48387097,77826,31683,109509
Tiruppur,01-09-2025,751155,335472,415683,300462,1202,187789,376,187789,469,75116,137,416281,152040,182834,114030,142611,1014378,262904,751474,488251,31,12,19,2025,9,September,Q3,152064.3404,55.4187884,751156,2184,343.9358974,65.00003328,135.0424347,24230.80645,61.29032258,38.70967742,38010,40223,78233
Tiruppur,01-10-2025,994148,396497,597651,397659,1591,248537,497,248537,621,99415,181,621052,297735,75361,223301,58782,1323773,347952,975821,646196,31,12,19,2025,10,October,Q4,297742.5805,62.470779,994148,2890,343.9958478,64.99997988,133.156532,32069.29032,61.29032258,38.70967742,74434,16579,91013
Chennai,01-08-2024,722438,324540,397898,288975,1156,180610,361,180610,452,72244,131,458661,168453,95324,126340,74353,1304005,252853,1051152,469585,32,12,20,2024,8,August,Q3,168466.1948,63.48793945,722439,2100,344.0185714,65.00004153,180.5006104,22576.1875,62.5,37.5,42113,20971,63084
Coimbatore,01-09-2024,1117999,440566,677433,447200,1789,279500,559,279500,699,111800,203,639617,303076,175306,227307,136739,1435252,391300,1043952,726699,32,12,20,2024,9,September,Q3,303091.6803,57.21087407,1118000,3250,344,64.99996869,128.376859,34937.46875,62.5,37.5,75769,38567,114336
Kanyakumari,01-02-2024,952075,378486,573589,380830,1523,238019,476,238019,595,95208,173,569789,222668,159618,167001,124502,1145946,333226,812720,618849,32,13,19,2024,2,February,Q1,222684.7653,59.84707087,952076,2767,344.0823997,65.00002626,120.3629966,29752.34375,59.375,40.625,55667,35116,90783
Kanyakumari,01-09-2024,1158887,516050,642837,463555,1854,289722,579,289722,724,115889,211,656327,303238,199322,227428,155471,1310586,405610,904976,753277,32,14,18,2024,9,September,Q3,303255.1994,56.63425338,1158888,3368,344.087886,65.00003883,113.0900597,36215.21875,56.25,43.75,75810,43851,119661
Ooty,01-01-2025,969111,382223,586888,387644,1551,242278,485,242278,606,96911,176,570296,201284,197531,150963,154074,1386757,339189,1047568,629922,32,12,20,2025,1,January,Q1,201304.3827,58.84733534,969111,2818,343.9002839,64.99998452,143.0957857,30284.71875,62.5,37.5,50321,43457,93778
Ooty,01-11-2025,767189,307579,459610,306876,1228,191797,384,191797,479,76719,139,432101,169265,165823,126949,129342,1135572,268516,867056,498673,32,12,20,2025,11,November,Q4,169286.6144,56.32262715,767189,2230,344.0309417,65.00001955,148.0172422,23974.65625,62.5,37.5,42316,36481,78797
Salem,01-05-2024,740866,321851,419015,296346,1185,185216,370,185216,463,74087,135,450719,219746,70401,164810,54913,1034903,259303,775600,481563,32,12,20,2024,5,May,Q2,219755.5025,60.8367775,740865,2153,344.1082211,65.0000135,139.6882837,23152.0625,62.5,37.5,54936,15488,70424
Salem,01-08-2024,765032,314969,450063,306013,1224,191258,383,191258,478,76503,139,479181,178794,107057,134096,83504,1312033,267761,1044272,497271,32,13,19,2024,8,August,Q3,178807.9938,62.63541917,765032,2224,343.9892086,65.00002614,171.5004078,23907.25,59.375,40.625,44698,23553,68251
Salem,01-04-2025,1121267,429493,691774,448507,1794,280317,561,280317,701,112127,204,640832,247135,233300,185351,181974,1303531,392443,911088,728824,32,13,19,2025,4,April,Q2,247155.8068,57.1524891,1121268,3260,343.9472393,65.00004013,116.2551828,35039.59375,59.375,40.625,61784,51326,113110
Thoothukudi,01-03-2024,927682,362696,564986,371073,1484,231920,464,231920,580,92768,169,530771,240869,156042,180652,121713,1106881,324689,782192,602993,32,13,19,2024,3,March,Q1,240885.8206,57.21475678,927681,2697,343.9677419,64.99996766,119.3168564,28990.0625,59.375,40.625,60217,34329,94546
Tirunelveli,01-10-2024,1103406,466122,637284,441362,1765,275852,552,275852,690,110341,201,685337,319444,98625,239583,76928,1317856,386192,931664,717214,32,11,21,2024,10,October,Q4,319452.9382,62.11104525,1103407,3208,343.9548005,65.00000906,119.4352759,34481.4375,65.625,34.375,79861,21697,101558
Tirunelveli,01-04-2025,981513,416061,565452,392605,1570,245378,491,245378,613,98151,178,605590,271686,104237,203764,81305,1362938,343530,1019408,637983,32,13,19,2025,4,April,Q2,271696.62,61.69964127,981512,2852,344.1486676,64.99995415,138.8609219,30672.28125,59.375,40.625,67922,22932,90854
Trichy,01-08-2024,796728,314534,482194,318691,1275,199182,398,199182,498,79673,145,469718,175151,151859,131363,118450,1295703,278855,1016848,517873,32,13,19,2024,8,August,Q3,175170.0603,58.95587955,796728,2316,344.0103627,64.9999749,162.6280236,24897.75,59.375,40.625,43788,33409,77197
Coimbatore,01-03-2024,1192986,494048,698938,477194,1909,298246,596,298246,746,119299,217,746609,336666,109711,252500,85575,1224324,417545,806779,775441,33,14,19,2024,3,March,Q1,336675.1963,62.58321556,1192985,3468,343.9979815,65.00000838,102.626854,36151.09091,57.57575758,42.42424242,84166,24136,108302
Coimbatore,01-11-2025,1024845,445104,579741,409938,1640,256211,512,256211,641,102484,186,655064,214558,155223,160918,121074,1247480,358696,888784,666149,33,13,20,2025,11,November,Q4,214573.146,63.91834863,1024844,2979,344.0228265,64.99997561,121.7237729,31055.90909,60.60606061,39.39393939,53640,34149,87789
Dindugal,01-01-2024,1149010,483179,665831,459604,1838,287252,575,287252,718,114901,209,673606,255267,220137,191450,171707,1476926,402154,1074772,746856,33,13,20,2024,1,January,Q1,255286.1588,58.62490318,1149009,3340,344.0146707,64.99995648,128.5390031,34818.48485,60.60606061,39.39393939,63817,48430,112247
Dindugal,01-02-2025,997353,393252,604101,398941,1596,249338,499,249338,623,99735,181,576567,246416,174370,184812,136009,1413418,349074,1064344,648279,33,13,20,2025,2,February,Q1,246433.4833,57.80972234,997352,2899,344.0331149,64.99995488,141.7169247,30222.81818,60.60606061,39.39393939,61604,38361,99965
Kanyakumari,01-01-2024,1080729,475873,604856,432292,1729,270182,540,270182,675,108073,196,635089,243778,201862,182834,157452,1366930,378255,988675,702474,33,15,18,2024,1,January,Q1,243796.6783,58.76487075,1080729,3140,344.1812102,65.00001388,126.4822171,32749.36364,54.54545455,45.45454545,60944,44410,105354
Kanyakumari,01-04-2025,1188782,515958,672824,475513,1902,297196,594,297196,743,118878,216,742227,344899,101656,258674,79292,1351553,416074,935479,772708,33,13,20,2025,4,April,Q2,344907.5513,62.43592181,1188783,3455,344.0761216,64.99997476,113.6922497,36023.69697,60.60606061,39.39393939,86225,22364,108589
Kodaikanal,01-05-2025,1078489,469021,609468,431396,1726,269622,539,269622,674,107849,196,601877,258806,217806,194104,169889,1182237,377471,804766,701018,33,14,19,2025,5,May,Q2,258826.1955,55.80743058,1078489,3135,344.01563,65.00001391,109.619755,32681.48485,57.57575758,42.42424242,64702,47917,112619
Ooty,01-04-2024,1035371,412627,622744,414148,1657,258843,518,258843,647,103537,188,582572,287702,165097,215776,128776,1195427,362380,833047,672991,33,12,21,2024,4,April,Q2,287717.9457,56.26698063,1035371,3010,343.9770764,64.99998551,115.4588066,31374.87879,63.63636364,36.36363636,71926,36321,108247
Ooty,01-10-2024,1197905,535872,662033,479162,1917,299476,599,299476,749,119790,218,766419,300683,130803,225512,102026,1220469,419267,801202,778638,33,13,20,2024,10,October,Q4,300693.9193,63.97994833,1197904,3483,343.928797,64.99997913,101.8836218,36300.15152,60.60606061,39.39393939,75171,28777,103948
Salem,01-09-2024,1021560,447891,573669,408624,1634,255390,511,255390,638,102156,186,566260,255891,199409,191918,155539,1270519,357546,912973,664014,33,12,21,2024,9,September,Q3,255910.52,55.43090959,1021560,2969,344.0754463,65,124.3704726,30956.36364,63.63636364,36.36363636,63973,43870,107843
Tirunelveli,01-05-2025,1146433,486449,659984,458573,1834,286608,573,286608,717,114643,208,657259,282950,206224,212212,160855,1323597,401252,922345,745181,33,13,20,2025,5,May,Q2,282967.9883,57.33078165,1146432,3332,344.0672269,64.99996075,115.4534979,34740.39394,60.60606061,39.39393939,70738,45369,116107
Tiruppur,01-02-2025,702423,270377,432046,280969,1124,175606,351,175606,439,70242,128,392393,194925,115105,146194,89782,1115591,245848,869743,456575,33,14,19,2025,2,February,Q1,194941.3868,55.86277784,702423,2042,343.9877571,65.00000712,158.8203974,21285.54545,57.57575758,42.42424242,48731,25323,74054
Trichy,01-09-2024,926244,402631,523613,370498,1482,231561,463,231561,579,92624,168,567676,277370,81198,208028,63334,1393611,324185,1069426,602059,33,13,20,2024,9,September,Q3,277378.7664,61.28795436,926244,2692,344.0728083,65.00004319,150.4583026,28068,60.60606061,39.39393939,69342,17864,87206
Trichy,01-02-2025,811645,328438,483207,324658,1299,202911,406,202911,507,81164,148,448421,172083,191141,129062,149090,1315849,284076,1031773,527569,33,12,21,2025,2,February,Q1,172106.5498,55.24841526,811644,2360,343.9169492,64.9999692,162.1212476,24595.30303,63.63636364,36.36363636,43021,42051,85072
Trichy,01-06-2025,1100189,434434,665755,440076,1760,275047,550,275047,688,110019,200,641057,305880,153252,229410,119537,1267217,385066,882151,715123,33,12,21,2025,6,June,Q2,305893.9296,58.26789761,1100189,3198,344.0240775,65.00001363,115.1817551,33339.06061,63.63636364,36.36363636,76470,33715,110185
Chennai,01-02-2025,968915,368819,600096,387566,1550,242229,484,242229,606,96892,176,606928,226013,135974,169510,106060,1369368,339120,1030248,629795,34,13,21,2025,2,February,Q1,226027.0336,62.63996326,968916,2816,344.0752841,65.0000258,141.3300444,28497.5,61.76470588,38.23529412,56503,29914,86417
Coimbatore,01-03-2025,1066907,465673,601234,426763,1707,266727,533,266727,667,106691,194,634857,240322,191728,180242,149548,1376601,373417,1003184,693490,34,14,20,2025,3,March,Q1,240339.9705,59.50443666,1066908,3101,344.0528862,65.00004218,129.0272723,31379.61765,58.82352941,41.17647059,60080,42180,102260
Dindugal,01-03-2024,1159547,494158,665389,463819,1855,289887,580,289887,725,115955,211,700293,303560,155694,227670,121441,1325997,405841,920156,753706,34,14,20,2024,3,March,Q1,303573.4271,60.39367098,1159548,3371,343.9774548,65.00003881,114.3547437,34104.32353,58.82352941,41.17647059,75890,34253,110143
Kanyakumari,01-08-2024,1104053,441000,663053,441621,1766,276013,552,276013,690,110405,201,650049,276833,177171,207625,138193,1464199,386419,1077780,717634,34,13,21,2024,8,August,Q3,276849.0473,58.87842341,1104052,3209,344.0486133,64.99995924,132.6203543,32472.14706,61.76470588,38.23529412,69208,38978,108186
Kanyakumari,01-11-2025,753459,325658,427801,301384,1206,188365,377,188365,471,75346,137,477566,196447,79446,147335,61968,1143067,263711,879356,489748,34,15,19,2025,11,November,Q4,196457.5442,63.38314361,753460,2191,343.8886353,64.99995355,151.7092503,22160.55882,55.88235294,44.11764706,49112,17478,66590
Madurai,01-04-2024,1193707,512689,681018,477483,1910,298427,597,298427,746,119371,217,750767,291832,151108,218874,117864,1274475,417797,856678,775910,34,14,20,2024,4,April,Q2,291844.6587,62.89374193,1193708,3470,344.0080692,65.0000377,106.7661495,35109.02941,58.82352941,41.17647059,72958,33244,106202
Madurai,01-04-2025,930249,392921,537328,372100,1488,232562,465,232562,581,93025,169,520317,260428,149504,195321,116613,1228539,325587,902952,604662,34,14,20,2025,4,April,Q2,260444.0714,55.93308888,930249,2703,344.154273,65.00001612,132.0656082,27360.26471,58.82352941,41.17647059,65107,32891,97998
Madurai,01-12-2025,821991,347158,474833,328796,1315,205498,411,205498,514,82199,149,477639,239809,104543,179857,81544,1293907,287697,1006210,534294,34,15,19,2025,12,December,Q4,239821.7183,58.10757052,821991,2389,344.0732524,64.99998175,157.4113342,24176.20588,55.88235294,44.11764706,59952,22999,82951
Ooty,01-09-2025,1124443,499435,625008,449777,1799,281111,562,281111,703,112444,204,708389,308640,107414,231480,83783,1436315,393555,1042760,730888,34,14,20,2025,9,September,Q3,308649.5526,62.99910267,1124443,3268,344.0768054,65.00000445,127.7356878,33071.85294,58.82352941,41.17647059,77160,23631,100791
Salem,01-04-2024,1035994,440838,595156,414398,1658,258998,518,258998,647,103599,188,586207,273729,176058,205297,137325,1208532,362598,845934,673396,34,13,21,2024,4,April,Q2,273745.9941,56.58401497,1035993,3011,344.0694122,64.99999035,116.6543436,30470.41176,61.76470588,38.23529412,68432,38733,107165
Salem,01-07-2025,1153475,466199,687276,461390,1846,288369,577,288369,721,115348,210,690545,306435,156495,229826,122066,1455588,403716,1051872,749759,34,15,19,2025,7,July,Q3,306448.5673,59.86649039,1153476,3354,343.9105546,65.00002167,126.1915516,33925.73529,55.88235294,44.11764706,76609,34429,111038
Tirunelveli,01-07-2025,757185,339452,417733,302874,1211,189296,379,189296,473,75718,138,432655,186860,137670,140145,107383,1382575,265015,1117560,492170,34,12,22,2025,7,July,Q3,186878.1818,57.13993278,757184,2201,344.0181736,64.99996698,182.594082,22270.14706,64.70588235,35.29411765,46715,30287,77002
Trichy,01-02-2024,1158900,513204,645696,463560,1854,289725,579,289725,724,115890,211,695281,275938,187681,206954,146391,1310165,405615,904550,753285,34,14,20,2024,2,February,Q1,275954.1948,59.99490897,1158900,3368,344.0914489,65,113.0524635,34085.29412,58.82352941,41.17647059,68984,41290,110274
Trichy,01-10-2024,990897,383511,607386,396359,1585,247724,495,247724,619,99090,180,638243,254265,98389,190699,76743,1236472,346814,889658,644083,34,12,22,2024,10,October,Q4,254274.9293,64.41062996,990897,2879,344.1809656,64.99999495,124.7831006,29144.02941,64.70588235,35.29411765,63566,21646,85212
Trichy,01-11-2024,978340,424425,553915,391336,1565,244585,489,244585,611,97834,178,570328,289702,118310,217276,92282,1364983,342419,1022564,635921,34,14,20,2024,11,November,Q4,289714.0929,58.2954801,978340,2843,344.1224059,65,139.5203099,28774.70588,58.82352941,41.17647059,72426,26028,98454
Trichy,01-05-2025,1086534,428764,657770,434614,1738,271634,543,271634,679,108653,198,632632,239271,214631,179453,167412,1436613,380287,1056326,706247,34,14,20,2025,5,May,Q2,239290.7537,58.22477714,1086535,3158,344.0579481,64.9999908,132.2197925,31956.88235,58.82352941,41.17647059,59818,47219,107037
Trichy,01-11-2025,714528,278667,435861,285811,1143,178632,357,178632,447,71453,130,440331,179375,94822,134531,73961,1356085,250085,1106000,464443,34,15,19,2025,11,November,Q4,179388.2706,61.62543665,714528,2077,344.0192585,64.99997201,189.7875241,21015.52941,55.88235294,44.11764706,44844,20861,65705
Chennai,01-09-2024,1159855,446197,713658,463942,1856,289964,580,289964,725,115986,211,747713,235436,176706,176577,137831,1286354,405949,880405,753906,35,12,23,2024,9,September,Q3,235451.2352,64.4660755,1159856,3372,343.9667853,65.00002155,110.9064495,33138.71429,65.71428571,34.28571429,58859,38875,97734
Coimbatore,01-11-2024,1026299,424541,601758,410520,1642,256575,513,256575,641,102630,187,617759,306914,101626,230186,79268,1294490,359205,935285,667094,35,14,21,2024,11,November,Q4,306923.9022,60.19288726,1026300,2983,344.0496145,64.9999659,126.1318583,29322.82857,60,40,76728,22358,99086
Dindugal,01-07-2024,757600,307248,450352,303040,1212,189400,379,189400,474,75760,138,464874,171232,121494,128424,94765,1276010,265160,1010850,492440,35,16,19,2024,7,July,Q3,171248.0367,61.36140444,757600,2203,343.8946891,65,168.4279303,21645.71429,54.28571429,45.71428571,42808,26729,69537
Dindugal,01-12-2025,1014529,446861,567668,405812,1623,253632,507,253632,634,101453,184,583013,233612,197904,175209,154365,1290720,355085,935635,659444,35,14,21,2025,12,December,Q4,233631.507,57.46637109,1014529,2948,344.1414518,65.00001479,127.2235688,28986.54286,60,40,58403,43539,101942
Kanyakumari,01-03-2024,818032,337244,480788,327213,1309,204508,409,204508,511,81803,149,453289,191542,173201,143656,135097,1296321,286311,1010010,531721,35,12,23,2024,3,March,Q1,191563.1729,55.41213547,818032,2378,344,65.00002445,158.4682506,23372.34286,65.71428571,34.28571429,47886,38104,85990
Kanyakumari,01-05-2024,901424,387520,513904,360570,1442,225356,451,225356,563,90142,164,497014,251753,152657,188815,119072,1388963,315498,1073465,585926,35,13,22,2024,5,May,Q2,251769.9351,55.13653952,901424,2620,344.0549618,65.00004437,154.0854248,25754.97143,62.85714286,37.14285714,62938,33585,96523
Kanyakumari,01-12-2025,753986,298204,455782,301594,1206,188496,377,188496,471,75399,137,484825,174581,94580,130936,73772,1235755,263895,971860,490091,35,13,22,2025,12,December,Q4,174593.544,64.30159181,753985,2191,344.1282519,65.00001326,163.8962792,21542.45714,62.85714286,37.14285714,43645,20808,64453
Kodaikanal,01-04-2024,768746,313479,455267,307498,1230,192186,384,192186,480,76875,140,477241,176297,115208,132223,89862,1126121,269061,857060,499685,35,15,20,2024,4,April,Q2,176311.9865,62.0804531,768745,2234,344.1114593,65.00001301,146.4880468,21964.17143,57.14285714,42.85714286,44074,25346,69420
Ooty,01-05-2024,1159484,486404,673080,463794,1855,289871,580,289871,725,115948,211,666583,265075,227826,198806,177704,1463569,405819,1057750,753665,35,15,20,2024,5,May,Q2,265094.6489,57.4896247,1159484,3371,343.9584693,65.0000345,126.2258901,33128.11429,57.14285714,42.85714286,66269,50122,116391
Ooty,01-04-2025,993690,387360,606330,397476,1590,248422,497,248422,621,99369,181,583451,248515,161724,186386,126145,1323782,347792,975990,645898,35,13,22,2025,4,April,Q2,248531.2751,58.71559541,993689,2889,343.9560402,64.99994968,133.2188107,28391.14286,62.85714286,37.14285714,62129,35579,97708
Ooty,01-06-2025,820785,348021,472764,328314,1313,205196,410,205196,513,82078,149,499955,216701,104129,162526,81221,1302325,287275,1015050,533510,35,14,21,2025,6,June,Q2,216713.6865,60.91181004,820784,2385,344.1442348,64.99996954,158.6682261,23451,60,40,54175,22908,77083
Salem,01-03-2024,1017439,423809,593630,406976,1628,254360,509,254360,636,101744,185,640087,292398,84954,219298,66264,1397264,356104,1041160,661335,35,13,22,2024,3,March,Q1,292406.3498,62.91158487,1017440,2958,343.9621366,64.9999656,137.3314764,29069.68571,62.85714286,37.14285714,73100,18690,91790
Salem,01-03-2025,1039886,453054,586832,415954,1664,259972,520,259972,650,103989,189,590694,213430,235762,160072,183894,1269355,363960,905395,675926,35,13,22,2025,3,March,Q1,213452.6719,56.80372656,1039887,3023,343.9917301,65.00000962,122.0667458,29711.02857,62.85714286,37.14285714,53358,51868,105226
Salem,01-08-2025,1171718,505933,665785,468687,1875,292930,586,292930,732,117172,213,727957,259271,184490,194453,143902,1381576,410101,971475,761617,35,14,21,2025,8,August,Q3,259286.7453,62.12732074,1171719,3406,344.016148,65.0000256,117.9102822,33477.65714,60,40,64818,40588,105406
Tiruppur,01-03-2025,877027,336545,540482,350811,1403,219257,439,219257,548,87703,159,527926,257358,91743,193018,71560,1404819,306959,1097860,570068,35,12,23,2025,3,March,Q1,257368.4607,60.19495409,877028,2549,344.0674774,65.00005131,160.1796752,25057.91429,65.71428571,34.28571429,64340,20183,84523
Tiruppur,01-12-2025,714150,283975,430175,285660,1143,178538,357,178538,446,71415,130,431429,144674,138047,108506,107677,1392612,249952,1142660,464198,35,15,20,2025,12,December,Q4,144693.3303,60.41153819,714151,2076,344.0033719,65.00007001,195.0027305,20404.28571,57.14285714,42.85714286,36168,30370,66538
Trichy,01-12-2024,733675,327011,406664,293470,1174,183419,367,183419,459,73368,133,474124,218776,40775,164082,31804,1404731,256786,1147945,476889,35,14,21,2024,12,December,Q4,218781.5576,64.62316421,733676,2133,343.9643694,65.00003408,191.465022,20962.14286,60,40,54694,8971,63665
Trichy,01-01-2025,813669,357660,456009,325468,1302,203417,407,203417,509,81367,148,492104,203182,118383,152386,92339,1138869,284784,854085,528885,35,16,19,2025,1,January,Q1,203196.5493,60.47962992,813669,2366,343.9006762,65.00001844,139.9671119,23247.68571,54.28571429,45.71428571,50796,26044,76840
Dindugal,01-05-2024,835508,328981,506527,334203,1337,208877,418,208877,522,83551,152,499164,210268,126076,157701,98339,1205176,292428,912748,543080,36,14,22,2024,5,May,Q2,210283.0897,59.74377265,835508,2429,343.9720049,64.99997606,144.244699,23208.55556,61.11111111,38.88888889,52567,27737,80304
Dindugal,01-10-2024,981121,401884,579237,392448,1570,245280,491,245280,613,98112,178,559389,249354,172378,187016,134455,1525960,343392,1182568,637729,36,14,22,2024,10,October,Q4,249371.5695,57.01529169,981120,2852,344.0112202,65.00003567,155.5322942,27253.36111,61.11111111,38.88888889,62338,37923,100261
Kanyakumari,01-10-2025,1152028,496445,655583,460811,1843,288007,576,288007,720,115203,209,713856,273441,164731,205081,128490,1575050,403210,1171840,748818,36,15,21,2025,10,October,Q4,273455.2992,61.96516057,1152028,3348,344.0943847,64.99998264,136.7197672,32000.77778,58.33333333,41.66666667,68360,36241,104601
Tirunelveli,01-01-2025,1180644,474600,706044,472258,1889,295161,590,295161,738,118064,215,741495,341972,97177,256479,75798,1603965,413225,1190740,767419,36,15,21,2025,1,January,Q1,341980.2308,62.80428309,1180644,3432,344.0104895,65.00003388,135.8550926,32795.66667,58.33333333,41.66666667,85493,21379,106872
Chennai,01-01-2024,832073,336547,495526,332829,1331,208018,416,208018,520,83207,151,458499,210405,163169,157804,127272,1385932,291226,1094706,540847,37,17,20,2024,1,January,Q1,210424.6099,55.10321811,832072,2418,344.1157982,64.99994592,166.563751,22488.45946,54.05405405,45.94594595,52601,35897,88498
Coimbatore,01-04-2024,1043892,400957,642935,417557,1670,260973,522,260973,652,104389,190,622963,309779,111150,232334,86697,1569921,365362,1204559,678530,37,16,21,2024,4,April,Q2,309789.6477,59.67695892,1043892,3034,344.0646012,65.00001916,150.3911324,28213.2973,56.75675676,43.24324324,77445,24453,101898
Coimbatore,01-04-2025,947587,411214,536373,379035,1516,236897,474,236897,592,94759,172,599157,204129,144301,153097,112555,1346071,331655,1014416,615932,37,16,21,2025,4,April,Q2,204144.2283,63.22976149,947588,2754,344.0769789,65.00004749,142.0524976,25610.45946,56.75675676,43.24324324,51032,31746,82778
Coimbatore,01-06-2025,827776,356130,471646,331110,1324,206944,414,206944,517,82778,151,517415,235181,75180,176386,58640,1454321,289722,1164599,538054,37,14,23,2025,6,June,Q2,235190.0822,62.50664431,827776,2406,344.0465503,64.99995168,175.6901626,22372.32432,62.16216216,37.83783784,58795,16540,75335
Dindugal,01-04-2025,747625,302741,444884,299050,1196,186906,374,186906,467,74762,136,416640,189904,141081,142428,110043,1252849,261669,991180,485956,37,13,24,2025,4,April,Q2,189922.8706,55.7284735,747624,2173,344.0515416,64.99996656,167.5771944,20206.08108,64.86486486,35.13513514,47476,31038,78514
Kanyakumari,01-04-2024,835121,366023,469098,334048,1336,208780,418,208780,522,83512,152,531372,181783,121966,136337,95133,1256980,292292,964688,542829,37,15,22,2024,4,April,Q2,181797.6046,63.6281449,835120,2428,343.9538715,65.00004191,150.5147158,22570.83784,59.45945946,40.54054054,45446,26833,72279
Kanyakumari,01-07-2024,811559,315450,496109,324624,1298,202890,406,202890,507,81156,148,479344,186464,145751,139848,113686,1333057,284046,1049011,527513,37,15,22,2024,7,July,Q3,186481.9594,59.0645905,811560,2359,344.0271301,64.99995687,164.2587908,21934.02703,59.45945946,40.54054054,46616,32065,78681
Kanyakumari,01-06-2025,1055186,443163,612023,422074,1688,263796,528,263796,659,105519,192,661138,301615,92433,226211,72098,1297077,369315,927762,685871,37,16,21,2025,6,June,Q2,301623.7599,62.65606253,1055185,3067,344.0446691,65.00000948,122.9240153,28518.54054,56.75675676,43.24324324,75404,20335,95739
Kodaikanal,01-02-2025,1058640,448624,610016,423456,1694,264660,529,264660,662,105864,192,655449,290202,112989,217652,88131,1441550,370524,1071026,688116,37,16,21,2025,2,February,Q1,290212.673,61.91424847,1058640,3077,344.0493988,65,136.1699917,28611.89189,56.75675676,43.24324324,72550,24858,97408
Madurai,01-02-2024,793579,302075,491504,317432,1270,198395,397,198395,496,79358,144,445753,162171,185655,121628,144811,1456338,277753,1178585,515826,37,13,24,2024,2,February,Q1,162194.3946,56.16995913,793580,2307,343.987863,64.9999559,183.5151888,21448.08108,64.86486486,35.13513514,40543,40844,81387
Thoothukudi,01-12-2024,913075,387844,525231,365230,1461,228269,457,228269,571,91308,166,577412,231861,103802,173896,80966,1275902,319576,956326,593499,37,14,23,2024,12,December,Q4,231872.3684,63.23817868,913076,2655,343.9080979,65.00002738,139.7368234,24677.7027,62.16216216,37.83783784,57965,22836,80801
Thoothukudi,01-06-2025,977312,435517,541795,390925,1564,244328,489,244328,611,97731,178,568989,225123,183200,168842,142896,1536813,342059,1194754,635253,37,14,23,2025,6,June,Q2,225141.7453,58.21979061,977312,2842,343.8817734,65.00002046,157.2489645,26413.83784,62.16216216,37.83783784,56281,40304,96585
Thoothukudi,01-10-2025,942858,408185,534673,377143,1509,235714,471,235714,589,94286,171,553632,213776,175450,160332,136851,1500889,330000,1170889,612858,37,14,23,2025,10,October,Q4,213794.6083,58.71849207,942857,2740,344.1083942,65.00003182,159.1850523,25482.64865,62.16216216,37.83783784,53444,38599,92043
Tiruppur,01-01-2024,978089,390257,587832,391236,1565,244522,489,244522,611,97809,178,562720,283345,132024,212509,102979,1271795,342331,929464,635758,37,16,21,2024,1,January,Q1,283358.4982,57.53259673,978089,2843,344.0341189,65.00001534,130.0285557,26434.83784,56.75675676,43.24324324,70836,29045,99881
Trichy,01-05-2024,840172,339513,500659,336069,1344,210043,420,210043,525,84017,153,481286,234060,124826,175545,97364,1265186,294060,971126,546112,37,16,21,2024,5,May,Q2,234074.8572,57.28422275,840172,2442,344.0507781,65.0000238,150.5865466,22707.35135,56.75675676,43.24324324,58515,27462,85977
Trichy,01-07-2024,1016157,446960,569197,406463,1626,254039,508,254039,635,101616,185,579087,242884,194186,182163,151465,1324376,355655,968721,660502,37,14,23,2024,7,July,Q3,242903.1098,56.98794576,1016157,2954,343.993568,64.99999508,130.3318286,27463.7027,62.16216216,37.83783784,60721,42721,103442
Trichy,01-09-2025,701606,278061,423545,280642,1123,175402,351,175402,439,70161,128,423291,192640,85675,144480,66826,1335569,245562,1090007,456044,37,13,24,2025,9,September,Q3,192652.2113,60.33172464,701607,2041,343.7564919,65.00001425,190.3588339,18962.32432,64.86486486,35.13513514,48160,18849,67009
Chennai,01-10-2024,1055894,441783,614111,422358,1689,263974,528,263974,660,105589,192,586114,311334,158446,233500,123588,1362397,369563,992834,686331,38,13,25,2024,10,October,Q4,311349.0059,55.5087916,1055895,3069,344.0518084,64.99999053,129.0278191,27786.68421,65.78947368,34.21052632,77834,34858,112692
Coimbatore,01-05-2024,718945,280541,438404,287578,1150,179736,359,179736,449,71894,131,415603,172208,131134,129156,102285,1461407,251631,1209776,467314,38,14,24,2024,5,May,Q2,172226.2398,57.8073427,718944,2089,344.1570129,64.99996523,203.271043,18919.60526,63.15789474,36.84210526,43052,28849,71901
Coimbatore,01-02-2025,949076,394893,554183,379630,1519,237269,475,237269,593,94908,173,582325,203463,163288,152597,127365,1429093,332177,1096916,616899,38,15,23,2025,2,February,Q1,203480.2049,61.35704622,949076,2760,343.8681159,64.99995785,150.5772983,24975.68421,60.52631579,39.47368421,50866,35923,86789
Dindugal,01-06-2024,1050815,417557,633258,420326,1681,262704,525,262704,657,105082,191,589306,294708,166801,221031,130105,1268393,367785,900608,683030,38,15,23,2024,6,June,Q2,294723.8735,56.08085153,1050816,3054,344.0785855,65.00002379,120.7056428,27653.02632,60.52631579,39.47368421,73677,36696,110373
Dindugal,01-11-2024,702229,296127,406102,280892,1124,175557,351,175557,439,70223,128,392599,160907,148723,120680,116004,1356148,245780,1110368,456449,38,13,25,2024,11,November,Q4,160928.1787,55.90754583,702229,2042,343.8927522,65.00002136,193.1204778,18479.71053,65.78947368,34.21052632,40227,32719,72946
Kanyakumari,01-05-2025,1075605,478733,596872,430242,1721,268901,538,268901,672,107560,196,621583,235142,218880,176356,170726,1546870,376462,1170408,699143,38,15,23,2025,5,May,Q2,235162.3495,57.78915122,1075604,3127,343.9731372,64.99997676,143.8139466,28305.39474,60.52631579,39.47368421,58786,48154,106940
Madurai,01-07-2025,1170763,515327,655436,468305,1873,292691,585,292691,732,117076,213,741590,254180,174993,190635,136495,1467847,409767,1058080,760996,38,14,24,2025,7,July,Q3,254194.9469,63.34245274,1170763,3403,344.0384954,65.00000427,125.3752467,30809.55263,63.15789474,36.84210526,63545,38498,102043
Madurai,01-08-2025,1062971,464155,598816,425188,1701,265743,531,265743,664,106297,193,663304,242737,156930,182053,122405,1545374,372040,1173334,690931,38,17,21,2025,8,August,Q3,242751.7633,62.40094979,1062971,3089,344.1149239,64.99998589,145.3825175,27972.92105,55.26315789,44.73684211,60684,34525,95209
Madurai,01-09-2025,1139763,480915,658848,455905,1824,284941,570,284941,712,113976,207,670655,245603,223505,184202,174334,1627731,398917,1228814,740846,38,16,22,2025,9,September,Q3,245622.6098,58.84161883,1139763,3313,344.0274676,65.00000439,142.8131111,29993.76316,57.89473684,42.10526316,61401,49171,110572
Ooty,01-05-2025,996813,393549,603264,398725,1595,249203,498,249203,623,99681,181,592465,210251,194097,157688,151396,1618929,348885,1270044,647928,38,17,21,2025,5,May,Q2,210270.4718,59.43592228,996812,2897,344.0842251,64.99995486,162.4105023,26231.92105,55.26315789,44.73684211,52563,42701,95264
Ooty,01-08-2025,987792,410634,577158,395117,1580,246948,494,246948,617,98779,180,570878,285395,131519,214046,102585,1441807,345727,1096080,642065,38,16,22,2025,8,August,Q3,285408.3144,57.79334111,987792,2871,344.0585162,65.00002025,145.9626116,25994.52632,57.89473684,42.10526316,71349,28934,100283
Salem,01-10-2024,761292,294137,467155,304517,1218,190323,381,190323,476,76129,138,463704,157194,140394,117896,109507,1320390,266452,1053938,494840,38,15,23,2024,10,October,Q4,157212.4415,60.91013698,761292,2213,344.0090375,65.00002627,173.4406772,20034,60.52631579,39.47368421,39298,30887,70185
Salem,01-12-2024,1067862,413398,654464,427145,1709,266966,534,266966,667,106786,194,615519,318189,134154,238642,104640,1632206,373752,1258454,694110,38,15,23,2024,12,December,Q4,318201.5629,57.64031307,1067863,3104,344.0280284,64.99997191,152.8480272,28101.63158,60.52631579,39.47368421,79547,29514,109061
Salem,01-10-2025,947362,422434,524928,378945,1516,236840,474,236840,592,94736,172,594305,274055,79002,205541,61622,1470331,331577,1138754,615785,38,15,23,2025,10,October,Q4,274063.3392,62.73261963,947361,2754,343.9945534,64.99996833,155.2026575,24930.57895,60.52631579,39.47368421,68514,17380,85894
Thoothukudi,01-02-2024,815598,326239,489359,326239,1305,203900,408,203900,510,81560,148,509351,199626,106621,149720,83164,1407303,285459,1121844,530139,38,15,23,2024,2,February,Q1,199639.0727,62.4512321,815599,2371,343.9894559,65.00003678,172.5486085,21463.10526,60.52631579,39.47368421,49906,23457,73363
Thoothukudi,01-05-2025,808623,348767,459856,323449,1294,202156,404,202156,505,80862,147,524633,167831,116159,125873,90604,1463686,283018,1180668,525605,38,14,24,2025,5,May,Q2,167845.365,64.87980184,808623,2350,344.0948936,65.00000618,181.0096918,21279.55263,63.15789474,36.84210526,41958,25555,67513
Thoothukudi,01-07-2025,722306,280345,441961,288922,1156,180576,361,180576,451,72231,131,420824,144595,156887,108446,122372,1333915,252807,1081108,469499,38,15,23,2025,7,July,Q3,144616.7203,58.26118016,722305,2099,344.1186279,65.00001384,184.6745008,19008.05263,60.52631579,39.47368421,36149,34515,70664
Tirunelveli,01-03-2024,1171428,454601,716827,468571,1874,292857,586,292857,732,117143,213,648272,249369,273787,187027,213554,1629314,410000,1219314,761428,38,14,24,2024,3,March,Q1,249392.3721,55.34031968,1171428,3405,344.0317181,64.99998293,139.0878483,30827.05263,63.15789474,36.84210526,62342,60233,122575
Tiruppur,01-12-2024,1113671,424245,689426,445468,1782,278418,557,278418,696,111367,202,638504,226764,248403,170073,193754,1291191,389785,901406,723886,38,17,21,2024,12,December,Q4,226786.3049,57.33326988,1113671,3237,344.0441767,64.99998653,115.9400757,29307.13158,55.26315789,44.73684211,56691,54649,111340
Tiruppur,01-07-2025,973572,412510,561062,389429,1558,243393,487,243393,608,97357,177,584585,282669,106318,212002,82928,1399590,340750,1058840,632822,38,14,24,2025,7,July,Q3,282679.9204,60.04537928,973572,2830,344.0183746,65.00002054,143.7582428,25620.31579,63.15789474,36.84210526,70667,23390,94057
Tiruppur,01-08-2025,1001531,391332,610199,400612,1602,250383,501,250383,626,100153,182,571471,285331,144729,213998,112889,1543668,350536,1193132,650995,38,15,23,2025,8,August,Q3,285345.4508,57.05974154,1001531,2911,344.0504981,64.99998502,154.1308257,26356.07895,60.52631579,39.47368421,71333,31840,103173
Trichy,01-01-2024,972071,380120,591951,388828,1555,243018,486,243018,608,97207,177,583381,204033,184657,153025,144032,1394467,340225,1054242,631846,38,16,22,2024,1,January,Q1,204051.9962,60.01423764,972071,2826,343.9741684,64.99998457,143.4532045,25580.81579,57.89473684,42.10526316,51008,40625,91633
Coimbatore,01-02-2024,1185115,468324,716791,474046,1896,296279,593,296279,741,118512,215,667762,339666,177687,254750,138596,1521413,414790,1106623,770325,39,17,22,2024,2,February,Q1,339680.9932,56.34575548,1185116,3445,344.0104499,65.00002109,128.3768242,30387.5641,56.41025641,43.58974359,84916,39091,124007
Coimbatore,01-06-2024,769206,303709,465497,307682,1231,192302,385,192302,481,76921,140,446696,201766,120744,151324,94180,1576344,269222,1307122,499984,39,16,23,2024,6,June,Q2,201781.6972,58.07234993,769207,2237,343.8565042,65.000013,204.9313188,19723.23077,58.97435897,41.02564103,50442,26564,77006
Coimbatore,01-12-2025,1004380,391758,612622,401752,1607,251095,502,251095,628,100438,183,587644,235067,181669,176300,141702,1396770,351533,1045237,652847,39,15,24,2025,12,December,Q4,235085.0877,58.50813437,1004380,2920,343.9657534,65,139.0678827,25753.33333,61.53846154,38.46153846,58767,39967,98734
Madurai,01-05-2024,983127,378680,604447,393251,1573,245782,492,245782,614,98313,179,635158,209323,138646,156992,108144,1347835,344094,1003741,639033,39,17,22,2024,5,May,Q2,209337.1026,64.60589527,983128,2858,343.9916025,65.00004577,137.0967332,25208.38462,56.41025641,43.58974359,52331,30502,82833
Madurai,01-02-2025,971149,379986,591163,388460,1554,242787,486,242787,607,97115,177,602395,221536,147218,166152,114830,1502217,339902,1162315,631247,39,15,24,2025,2,February,Q1,221551.1592,62.02910161,971149,2824,343.891289,65.00001545,154.6845026,24901.25641,61.53846154,38.46153846,55384,32388,87772
Thoothukudi,01-11-2024,1064132,427942,636190,425653,1703,266033,532,266033,665,106413,193,636242,256233,171657,192175,133892,1323966,372446,951520,691686,39,17,22,2024,11,November,Q4,256249.1312,59.78976292,1064132,3093,344.0452635,65.00001879,124.4174595,27285.4359,56.41025641,43.58974359,64058,37765,101823
Thoothukudi,01-03-2025,1146090,493287,652803,458436,1834,286522,573,286522,716,114609,208,675722,283407,186961,212555,145830,1564812,401132,1163680,744958,39,16,23,2025,3,March,Q1,283423.3129,58.95889503,1146089,3331,344.0675473,64.99995637,136.5348271,29386.92308,58.97435897,41.02564103,70852,41131,111983
Tirunelveli,01-02-2024,1085522,428785,656737,434209,1737,271380,543,271380,678,108552,197,698802,228811,157909,171608,123169,1615100,379933,1235167,705589,39,15,24,2024,2,February,Q1,228825.5468,64.37474321,1085521,3155,344.0637084,64.99997236,148.7855612,27833.89744,61.53846154,38.46153846,57203,34740,91943
Tiruppur,01-11-2024,711523,315899,395624,284609,1138,177881,356,177881,445,71152,129,434832,211135,65556,158351,51134,1296259,249033,1047226,462490,39,15,24,2024,11,November,Q4,211144.2135,61.11285229,711523,2068,344.0633462,65.00000703,182.1808993,18244.17949,61.53846154,38.46153846,52784,14422,67206
Chennai,01-06-2024,988126,404041,584085,395250,1581,247032,494,247032,618,98813,180,569103,210724,208299,158043,162473,1681444,345844,1335600,642282,40,17,23,2024,6,June,Q2,210745.0802,57.59417321,988127,2873,343.9356074,65.00001012,170.1649385,24703.15,57.5,42.5,52681,45826,98507
Chennai,01-11-2024,1069186,479121,590065,427674,1711,267296,535,267296,668,106919,194,648189,226675,194322,170006,151571,1562215,374215,1188000,694971,40,16,24,2024,11,November,Q4,226693.1748,60.62453119,1069185,3108,344.0106178,65.00000935,146.1125567,26729.65,60,40,56669,42751,99420
Chennai,01-12-2024,897945,394750,503195,359178,1437,224486,449,224486,561,89794,163,513267,179672,205006,134754,159905,1266641,314281,952360,583664,40,16,24,2024,12,December,Q4,179694.8306,57.16018242,897944,2610,344.0398467,64.99997216,141.0599758,22448.625,60,40,44918,45101,90019
Coimbatore,01-07-2025,994733,439604,555129,397893,1592,248683,497,248683,622,99473,181,599511,206559,188663,154919,147157,1532877,348157,1184720,646576,40,16,24,2025,7,July,Q3,206577.9662,60.26853437,994732,2892,343.9598893,64.99995476,154.0993412,24868.325,60,40,51640,41506,93146
Dindugal,01-09-2025,903902,365122,538780,361561,1446,225976,452,225976,565,90390,164,563614,269020,71268,201765,55589,1531246,316366,1214880,587536,40,17,23,2025,9,September,Q3,269027.8845,62.35344097,903903,2627,344.0818424,64.99996681,169.4039841,22597.55,57.5,42.5,67255,15679,82934
Kanyakumari,01-10-2024,946328,425527,520801,378531,1514,236582,473,236582,591,94633,172,551711,226858,167759,170144,130852,1368655,331215,1037440,615113,40,16,24,2024,10,October,Q4,226875.7274,58.30018767,946328,2750,344.1192727,64.99997887,144.6279725,23658.2,60,40,56714,36907,93621
Kodaikanal,01-09-2025,1085391,480683,604708,434156,1737,271348,543,271348,678,108539,197,639309,247565,198517,185674,154843,1722647,379887,1342760,705504,40,16,24,2025,9,September,Q3,247583.2899,58.90126231,1085391,3155,344.022504,64.99998618,158.7121139,27134.775,60,40,61891,43674,105565
Madurai,01-09-2024,727957,300904,427053,291183,1165,181989,364,181989,455,72796,132,437696,169463,120798,127097,94222,1267745,254785,1012960,473172,40,15,25,2024,9,September,Q3,169479.5941,60.12662836,727957,2116,344.0250473,64.99999313,174.1510831,18198.925,62.5,37.5,42366,26576,68942
Ooty,01-02-2025,804135,320571,483564,321654,1287,201034,402,201034,503,80414,146,474650,190872,138613,143154,108118,1595207,281447,1313760,522688,40,15,25,2025,2,February,Q1,190889.2375,59.02615854,804136,2338,343.9418306,65.00003109,198.3755215,20103.375,62.5,37.5,47718,30495,78213
Thoothukudi,01-05-2024,1110206,453767,656439,444082,1776,277552,555,277552,694,111021,202,712229,226670,171307,170002,133619,1623972,388572,1235400,721634,40,18,22,2024,5,May,Q2,226685.4302,64.15286893,1110207,3227,344.0368764,65.00000901,146.2766369,27755.15,55,45,56668,37688,94356
Tirunelveli,01-11-2024,719399,302871,416528,287760,1151,179850,360,179850,450,71940,131,460511,157861,101027,118396,78801,1596430,251790,1344640,467609,40,17,23,2024,11,November,Q4,157875.0432,64.01329443,719400,2092,343.8814532,64.99995135,221.9116235,17984.975,57.5,42.5,39465,22226,61691
Tiruppur,01-02-2024,1112761,452680,660081,445104,1780,278190,556,278190,695,111276,202,623134,312400,177227,234300,138237,1436906,389466,1047440,723295,40,17,23,2024,2,February,Q1,312415.9268,55.99890722,1112760,3233,344.1880606,65.00003145,129.1297952,27819.025,57.5,42.5,78100,38990,117090
Tiruppur,01-08-2024,845722,361404,484318,338289,1353,211430,423,211430,529,84572,154,482277,251309,112136,188482,87466,1413763,296003,1117760,549719,40,15,25,2024,8,August,Q3,251322.2592,57.02547646,845721,2459,343.9288329,64.99996453,167.1663975,21143.05,62.5,37.5,62827,24670,87497
Tiruppur,01-10-2024,886847,353072,533775,354739,1419,221712,443,221712,554,88685,161,511372,181500,193975,136125,151300,1352436,310396,1042040,576451,40,17,23,2024,10,October,Q4,181521.8724,57.66180638,886848,2577,344.1396973,65.00005074,152.4993601,22171.175,57.5,42.5,45375,42675,88050
Tiruppur,01-04-2025,918148,411936,506212,367259,1469,229537,459,229537,574,91815,167,556273,192890,168985,144668,131808,1278352,321352,957000,596796,40,16,24,2025,4,April,Q2,192908.405,60.58641962,918148,2669,344.0044961,64.99997822,139.2315836,22953.7,60,40,48222,37177,85399
Chennai,01-01-2025,795044,302292,492752,318018,1272,198761,398,198761,497,79504,145,479797,197045,118202,147784,92198,1351952,278265,1073687,516779,41,18,23,2025,1,January,Q1,197059.8674,60.34848386,795044,2312,343.8771626,65.00005031,170.0474439,19391.31707,56.09756098,43.90243902,49261,26004,75265
Chennai,01-12-2025,1013462,398382,615080,405385,1622,253366,507,253366,633,101346,184,648448,283247,81767,212435,63778,1396132,354712,1041420,658750,41,17,24,2025,12,December,Q4,283255.0681,63.98345473,1013463,2946,344.0132383,64.9999704,137.7586925,24718.58537,58.53658537,41.46341463,70812,17989,88801
Dindugal,01-03-2025,950362,371364,578998,380145,1521,237590,475,237590,594,95036,173,562111,261431,126820,196073,98920,1676176,332627,1343549,617735,41,17,24,2025,3,March,Q1,261444.3444,59.14704081,950361,2763,343.9598263,64.99996843,176.3723718,23179.56098,58.53658537,41.46341463,65358,27900,93258
Kanyakumari,01-09-2025,915189,362954,552235,366076,1464,228797,458,228797,572,91519,166,530223,261384,123582,196038,96394,1364155,320316,1043839,594873,41,15,26,2025,9,September,Q3,261397.5034,57.93590176,915189,2660,344.056015,65.00001639,149.0571893,22321.68293,63.41463415,36.58536585,65346,27188,92534
Kodaikanal,01-05-2024,1049875,435247,614628,419950,1680,262469,525,262469,656,104988,191,665689,293984,90202,220488,70358,1584971,367456,1217515,682419,41,18,23,2024,5,May,Q2,293992.5917,63.40650077,1049876,3052,343.9960682,65.00002381,150.9675914,25606.70732,56.09756098,43.90243902,73496,19844,93340
Madurai,01-03-2024,1063808,418105,645703,425523,1702,265952,532,265952,665,106381,193,585363,278766,199679,209074,155750,1684312,372333,1311979,691475,41,14,27,2024,3,March,Q1,278784.7702,55.02524892,1063808,3092,344.0517464,64.9999812,158.3285706,25946.53659,65.85365854,34.14634146,69692,43929,113621
Ooty,01-07-2025,1013300,432870,580430,405320,1621,253325,507,253325,633,101330,184,613406,212794,187100,159596,145938,1477050,354655,1122395,658645,41,17,24,2025,7,July,Q3,212812.4644,60.53547814,1013300,2945,344.0747029,65,145.7663081,24714.63415,58.53658537,41.46341463,53198,41162,94360
Tiruppur,01-06-2024,761794,323244,438550,304718,1219,190448,381,190448,476,76179,139,480548,163713,117533,122785,91676,1338962,266628,1072334,495166,41,15,26,2024,6,June,Q2,163728.4284,63.08109541,761793,2215,343.924605,64.99998687,175.7643142,18580.34146,63.41463415,36.58536585,40928,25857,66785
Tiruppur,01-07-2024,953090,406354,546736,381236,1525,238272,477,238272,596,95309,173,552762,215819,184509,161864,143917,1553065,333582,1219483,619508,41,17,24,2024,7,July,Q3,215838.359,57.99683136,953089,2771,343.9512811,64.99994754,162.9505083,23246.09756,58.53658537,41.46341463,53955,40592,94547
Tiruppur,01-11-2025,1003437,403878,599559,401375,1606,250859,502,250859,627,100344,182,618256,284664,100517,213498,78403,1364825,351203,1013622,652234,41,17,24,2025,11,November,Q4,284674.0173,61.61383326,1003437,2917,343.996229,64.99999502,136.0150164,24474.07317,58.53658537,41.46341463,71166,22114,93280
Chennai,01-05-2024,1070831,480743,590088,428332,1713,267708,535,267708,669,107083,195,678822,263652,128357,197739,100118,1753337,374791,1378546,696040,42,17,25,2024,5,May,Q2,263663.9867,63.39207587,1070831,3112,344.097365,64.99998599,163.7361078,25495.97619,59.52380952,40.47619048,65913,28239,94152
Coimbatore,01-08-2024,842453,323705,518748,336981,1348,210613,421,210613,527,84245,153,483890,194834,163729,146126,127709,1315775,294859,1020916,547594,42,15,27,2024,8,August,Q3,194853.4348,57.43821911,842452,2449,343.9983667,64.99994658,156.1837871,20058.40476,64.28571429,35.71428571,48708,36020,84728
Coimbatore,01-05-2025,1085134,479561,605573,434054,1736,271284,543,271284,678,108513,197,685965,250006,149163,187504,116347,1473415,379797,1093618,705337,42,19,23,2025,5,May,Q2,250019.746,63.21477347,1085135,3154,344.0504122,64.99999078,135.7818481,25836.52381,54.76190476,45.23809524,62502,32816,95318
Dindugal,01-02-2024,795069,327317,467752,318028,1272,198767,398,198767,497,79507,145,441910,178135,175024,133601,136519,1669840,278274,1391566,516795,42,17,25,2024,2,February,Q1,178157.0137,55.58133948,795069,2312,343.8879758,65.00001887,210.0245388,18930.21429,59.52380952,40.47619048,44534,38505,83039
Kanyakumari,01-12-2024,1090391,461286,629105,436156,1745,272598,545,272598,681,109039,198,643408,280409,166574,210307,129928,1487099,381637,1105462,708754,42,16,26,2024,12,December,Q4,280424.2765,59.00709012,1090391,3169,344.080467,64.99998624,136.3821785,25961.69048,61.9047619,38.0952381,70102,36646,106748
Kodaikanal,01-03-2024,718719,316188,402531,287488,1150,179680,359,179680,449,71872,131,419699,193295,105725,144971,82466,1301028,251552,1049476,467167,42,18,24,2024,3,March,Q1,193309.7102,58.39542297,718720,2089,344.0497846,64.9999513,181.0203988,17112.35714,57.14285714,42.85714286,48324,23259,71583
Kodaikanal,01-01-2025,965778,416624,549154,386311,1545,241444,483,241444,604,96578,176,562861,283443,119474,212582,93190,1454572,338022,1116550,627756,42,16,26,2025,1,January,Q1,283455.3708,58.28057794,965777,2808,343.9376781,65.00003106,150.6114242,22994.71429,61.9047619,38.0952381,70861,26284,97145
Madurai,01-01-2025,1077146,481764,595382,430858,1723,269286,539,269286,673,107715,196,627251,259836,190059,194877,148246,1760209,377001,1383208,700145,42,16,26,2025,1,January,Q1,259853.6447,58.23268155,1077145,3131,344.0258703,65.00000928,163.4141518,25646.33333,61.9047619,38.0952381,64959,41813,106772
Madurai,01-06-2025,745681,298152,447529,298272,1193,186420,373,186420,466,74568,136,423961,184232,137488,138174,107241,1662256,260988,1401268,484693,42,18,24,2025,6,June,Q2,184250.4379,56.85554547,745680,2168,343.9483395,65.00004694,222.9178429,17754.30952,57.14285714,42.85714286,46058,30247,76305
Ooty,01-06-2024,1178775,509624,669151,471510,1886,294694,589,294694,737,117878,214,665773,349352,163650,262014,127647,1810857,412571,1398286,766204,42,16,26,2024,6,June,Q2,349365.8831,56.48007465,1178776,3426,344.0677175,65.00002121,153.621938,28066.07143,61.9047619,38.0952381,87338,36003,123341
Ooty,01-03-2025,1090653,466439,624214,436261,1745,272663,545,272663,682,109065,198,616057,290064,184532,217548,143935,1427551,381729,1045822,708924,42,16,26,2025,3,March,Q1,290080.9194,56.48515156,1090652,3170,344.0542587,64.99995874,130.889568,25967.92857,61.9047619,38.0952381,72516,40597,113113
Salem,01-02-2024,785760,304903,480857,314304,1257,196440,393,196440,491,78576,143,476551,207725,101484,155794,79158,1318024,275016,1043008,510744,42,18,24,2024,2,February,Q1,207737.9154,60.64841682,785760,2284,344.028021,65,167.7387497,18708.57143,57.14285714,42.85714286,51931,22326,74257
Salem,01-11-2024,969120,386680,582440,387648,1551,242280,485,242280,606,96912,176,557909,251824,159387,188868,124322,1533610,339192,1194418,629928,42,17,25,2024,11,November,Q4,251840.4466,57.56861895,969120,2818,343.9034776,65,158.2476886,23074.28571,59.52380952,40.47619048,62956,35065,98021
Tirunelveli,01-08-2025,1066131,408795,657336,426452,1706,266533,533,266533,666,106613,194,639472,309947,116712,232460,91035,1603432,373146,1230286,692985,42,17,25,2025,8,August,Q3,309957.9472,59.98062152,1066131,3099,344.0242014,64.99998593,150.3972776,25384.07143,59.52380952,40.47619048,77487,25677,103164
Coimbatore,01-12-2024,1023030,447601,575429,409212,1637,255758,512,255758,639,102303,186,603387,234421,185222,175816,144473,1553770,358060,1195710,664970,43,17,26,2024,12,December,Q4,234439.1052,58.98038181,1023031,2974,343.9915938,65.00004887,151.8792215,23791.39535,60.46511628,39.53488372,58605,40749,99354
Dindugal,01-08-2024,1074711,416688,658023,429884,1720,268678,537,268678,672,107471,195,691256,264667,118788,198500,92655,1482247,376149,1106098,698562,43,17,26,2024,8,August,Q3,264678.053,64.32017538,1074711,3124,344.0176056,64.99998604,137.92052,24993.27907,60.46511628,39.53488372,66167,26133,92300
Dindugal,01-01-2025,921753,371611,550142,368701,1475,230438,461,230438,576,92175,168,545816,275072,100865,206304,78675,1764929,322614,1442315,599139,43,18,25,2025,1,January,Q1,275082.9427,59.21499577,921752,2680,343.9373134,64.99995118,191.4752651,21436.11628,58.13953488,41.86046512,68768,22190,90958
Dindugal,01-05-2025,908335,387981,520354,363334,1453,227084,454,227084,568,90834,165,539606,199337,169392,149503,132126,1717060,317917,1399143,590418,43,16,27,2025,5,May,Q2,199355.6486,59.40605614,908336,2640,344.0666667,65.00002752,189.0337816,21124.06977,62.79069767,37.20930233,49834,37266,87100
Kanyakumari,01-06-2024,923920,389335,534585,369568,1478,230980,462,230980,577,92392,168,599402,259280,65238,194460,50886,1546989,323372,1223617,600548,43,18,25,2024,6,June,Q2,259287.061,64.87596329,923920,2685,344.1042831,65,167.4375487,21486.51163,58.13953488,41.86046512,64820,14352,79172
Kanyakumari,01-01-2025,1041598,421932,619666,416639,1667,260400,521,260400,651,104160,189,662134,274108,105356,205581,82178,1560140,364559,1195581,677039,43,15,28,2025,1,January,Q1,274118.1148,63.56905447,1041599,3028,343.9891017,65.0000288,149.7833137,24223.2093,65.11627907,34.88372093,68527,23178,91705
Kodaikanal,01-01-2024,1004842,396625,608217,401937,1608,251210,502,251210,628,100484,183,619259,290382,95201,217786,74257,1631040,351695,1279345,653147,43,16,27,2024,1,January,Q1,290391.4742,61.62749965,1004841,2921,344.0058199,64.99997014,162.318056,23368.4186,62.79069767,37.20930233,72596,20944,93540
Madurai,01-11-2024,953899,365088,588811,381560,1526,238475,477,238475,596,95390,173,586252,250246,117401,187684,91573,1669626,333865,1335761,620034,43,17,26,2024,11,November,Q4,250258.3075,61.45849823,953900,2772,344.1197691,64.99996331,175.0317382,22183.69767,60.46511628,39.53488372,62562,25828,88390
Madurai,01-12-2024,1091528,451803,639725,436611,1746,272882,546,272882,682,109153,198,665277,237556,188695,178167,147182,1649985,382035,1267950,709493,43,17,26,2024,12,December,Q4,237573.2872,60.94914652,1091528,3172,344.1134931,64.99998168,151.1628653,25384.37209,60.46511628,39.53488372,59389,41513,100902
Ooty,01-01-2024,745232,316848,428384,298093,1192,186308,373,186308,466,74523,135,472085,196383,76764,147287,59876,1579564,260831,1318733,484401,43,17,26,2024,1,January,Q1,196393.3007,63.34738712,745232,2166,344.0590951,65.00002684,211.9560083,17330.97674,60.46511628,39.53488372,49096,16888,65984
Ooty,01-12-2025,712111,288778,423333,284844,1139,178028,356,178028,445,71211,129,436395,180505,95211,135379,74265,1616304,249239,1367065,462872,43,19,24,2025,12,December,Q4,180518.3702,61.28187881,712111,2069,344.181247,64.99997894,226.9736038,16560.72093,55.81395349,44.18604651,45126,20946,66072
Salem,01-05-2025,999203,440907,558296,399681,1599,249801,500,249801,625,99920,182,566722,295349,137132,221512,106963,1622573,349721,1272852,649482,43,15,28,2025,5,May,Q2,295362.7241,56.71740377,999203,2906,343.8413627,65.000005,162.3867222,23237.27907,65.11627907,34.88372093,73837,30169,104006
Salem,01-11-2025,1071708,430843,640865,428683,1715,267927,536,267927,670,107171,195,646347,283625,141736,212719,110554,1660635,375098,1285537,696610,43,16,27,2025,11,November,Q4,283638.2252,60.30999115,1071708,3116,343.9370988,64.99998134,154.9521885,24923.44186,62.79069767,37.20930233,70906,31182,102088
Tiruppur,01-09-2024,1119209,460763,658446,447684,1791,279802,560,279802,700,111921,203,623713,274647,220849,205985,172262,1432375,391723,1040652,727486,43,19,24,2024,9,September,Q3,274666.7326,55.72801863,1119209,3254,343.9486785,65.0000134,127.9810116,26028.11628,55.81395349,44.18604651,68662,48587,117249
Trichy,01-03-2024,715409,283899,431510,286164,1145,178852,358,178852,447,71541,130,459228,169137,87044,126853,67894,1663726,250393,1413333,465016,43,19,24,2024,3,March,Q1,169149.167,64.19097328,715409,2080,343.9466346,65.00002097,232.5559226,16637.4186,55.81395349,44.18604651,42284,19150,61434
Trichy,01-08-2025,1120993,446541,674452,448397,1794,280248,560,280248,701,112099,204,684139,282692,154162,212019,120246,1825375,392348,1433027,728645,43,18,25,2025,8,August,Q3,282705.7523,61.02972989,1120992,3259,343.9680884,64.99995986,162.8355396,26069.60465,58.13953488,41.86046512,70673,33916,104589
Trichy,01-12-2025,822100,359847,462253,328840,1315,205525,411,205525,514,82210,149,488226,204291,129583,153218,101075,1567854,287735,1280119,534365,43,19,24,2025,12,December,Q4,204306.7624,59.38766573,822100,2389,344.1188782,65,190.7132952,19118.60465,55.81395349,44.18604651,51073,28508,79581
Chennai,01-08-2025,930593,404524,526069,372237,1489,232648,465,232648,582,93059,169,561101,261833,107659,196375,83974,1666504,325708,1340796,604885,44,17,27,2025,8,August,Q3,261844.5689,60.2949947,930592,2705,344.0266174,64.99995164,179.0797911,21149.84091,61.36363636,38.63636364,65458,23685,89143
Coimbatore,01-09-2025,710617,297270,413347,284247,1137,177654,355,177654,444,71062,129,459635,177442,73540,133082,57361,1708576,248716,1459860,461901,44,18,26,2025,9,September,Q3,177452.3488,64.68111514,710617,2065,344.1244552,64.99999296,240.4355651,16150.38636,59.09090909,40.90909091,44360,16179,60539
Dindugal,01-07-2025,702223,301520,400703,280889,1124,175556,351,175556,439,70222,128,440147,191547,70529,143660,55013,1306382,245778,1060604,456445,44,17,27,2025,7,July,Q3,191557.0437,62.67909197,702223,2042,343.8898139,65.00000712,186.0352053,15959.61364,61.36363636,38.63636364,47887,15516,63403
Kanyakumari,01-02-2025,732236,308625,423611,292894,1172,183059,366,183059,458,73224,133,437961,165684,128591,124263,100301,1359699,256283,1103416,475953,44,17,27,2025,2,February,Q1,165701.5614,59.81145423,732236,2129,343.9342414,64.99994537,185.6913618,16641.72727,61.36363636,38.63636364,41421,28290,69711
Kanyakumari,01-03-2025,718740,289368,429372,287496,1150,179685,359,179685,449,71874,131,429493,162151,127096,121613,99135,1304507,251559,1052948,467181,44,16,28,2025,3,March,Q1,162168.6832,59.75637922,718740,2089,344.0593585,65,181.4991513,16335,63.63636364,36.36363636,40538,27961,68499
Kodaikanal,01-08-2024,841816,345259,496557,336726,1347,210454,421,210454,526,84182,153,494494,227453,119869,170590,93498,1562392,294636,1267756,547180,44,20,24,2024,8,August,Q3,227467.2393,58.74134015,841816,2447,344.0196159,64.99995248,185.5978028,19132.18182,54.54545455,45.45454545,56863,26371,83234
Kodaikanal,01-11-2025,756301,339326,416975,302520,1210,189075,378,189075,473,75630,138,421915,159684,174702,119763,136268,1647213,264705,1382508,491596,44,19,25,2025,11,November,Q4,159707.0995,55.78665108,756300,2199,343.9290587,65.00004628,217.7986014,17188.65909,56.81818182,43.18181818,39921,38434,78355
Ooty,01-09-2024,923350,404347,519003,369340,1477,230838,462,230838,577,92335,168,519264,185358,218728,139018,170608,1670744,323172,1347572,600178,44,18,26,2024,9,September,Q3,185381.6885,56.23696323,923351,2684,344.0204918,65.00005415,180.9437375,20985.22727,59.09090909,40.90909091,46340,48120,94460
Thoothukudi,01-09-2025,1146388,483669,662719,458555,1834,286597,573,286597,716,114639,208,655093,276778,214517,207584,167323,1528236,401236,1127000,745152,44,16,28,2025,9,September,Q3,276796.7124,57.14409083,1146388,3331,344.1573101,64.99998255,133.3087925,26054.27273,63.63636364,36.36363636,69194,47194,116388
Tirunelveli,01-12-2024,1137858,508247,629611,455143,1821,284464,569,284464,711,113786,207,664047,294223,179588,220667,140079,1610918,398250,1212668,739608,44,18,26,2024,12,December,Q4,294238.783,58.35939107,1137857,3308,343.9712817,65.00002637,141.5746077,25860.40909,59.09090909,40.90909091,73556,39509,113065
Tirunelveli,01-03-2025,986960,414682,572278,394784,1579,246740,493,246740,617,98696,179,547748,258026,181186,193520,141325,1704140,345436,1358704,641524,44,19,25,2025,3,March,Q1,258044.358,55.49850045,986960,2868,344.1283124,65,172.6655589,22430.90909,56.81818182,43.18181818,64506,39861,104367
Trichy,01-04-2024,972201,400832,571369,388880,1556,243050,486,243050,608,97220,177,600192,231921,140088,173941,109269,1554346,340270,1214076,631931,44,16,28,2024,4,April,Q2,231935.4094,61.73538188,972200,2827,343.8981252,65.000036,159.8790785,22095.47727,63.63636364,36.36363636,57980,30819,88799
Trichy,01-07-2025,902384,402945,499439,360954,1444,225596,451,225596,564,90238,164,562227,189217,150940,141913,117733,1738778,315834,1422944,586550,44,19,25,2025,7,July,Q3,189233.7268,62.30462863,902384,2623,344.0274495,65.00004433,192.6871487,20508.72727,56.81818182,43.18181818,47304,33207,80511
Chennai,01-03-2025,833867,331958,501909,333547,1334,208467,417,208467,521,83387,152,514317,173239,146311,129929,114123,1485563,291853,1193710,542014,45,18,27,2025,3,March,Q1,173256.5461,61.67854106,833868,2424,344.0049505,65.00005397,178.1534705,18530.37778,60,40,43310,32188,75498
Chennai,01-11-2025,905260,369541,535719,362104,1448,226315,453,226315,566,90526,165,542286,232005,130969,174004,102156,1551411,316841,1234570,588419,45,18,27,2025,11,November,Q4,232019.4676,59.90389501,905260,2632,343.943769,65,171.3773943,20116.88889,60,40,58001,28813,86814
Dindugal,01-04-2024,773621,303855,469766,309448,1238,193405,387,193405,484,77362,141,502819,222808,47994,167106,37435,1632057,270767,1361290,502854,45,17,28,2024,4,April,Q2,222814.2038,64.99552106,773620,2250,343.8311111,65.00004524,210.9633787,17191.57778,62.22222222,37.77777778,55702,10559,66261
Dindugal,01-09-2024,807535,336749,470786,323014,1292,201884,404,201884,505,80754,147,450098,198205,159232,148654,124201,1769747,282637,1487110,524898,45,17,28,2024,9,September,Q3,198224.7183,55.73727455,807536,2348,343.9250426,65.00003096,219.1542162,17945.22222,62.22222222,37.77777778,49551,35031,84582
Dindugal,01-12-2024,957414,378390,579024,382966,1532,239354,479,239354,598,95741,174,553474,283571,120369,212678,93888,1519310,335095,1184215,622319,45,16,29,2024,12,December,Q4,283583.5723,57.80926538,957415,2783,344.0226374,64.99998956,158.6889266,21275.86667,64.44444444,35.55555556,70893,26481,97374
Kodaikanal,01-03-2025,786946,346174,440772,314778,1259,196736,393,196736,492,78695,143,500660,197299,88987,147974,69410,1376936,275431,1101505,511515,45,17,28,2025,3,March,Q1,197310.3079,63.62062962,786945,2287,344.0948841,65.00001271,174.9721074,17487.68889,62.22222222,37.77777778,49325,19577,68902
Madurai,01-01-2024,700214,293172,407042,280086,1120,175054,350,175054,438,70021,127,427716,186144,86354,139608,67356,1420920,245075,1175845,455139,45,17,28,2024,1,January,Q1,186156.3325,61.08361158,700215,2035,344.0859951,64.99998572,202.9265339,15560.31111,62.22222222,37.77777778,46536,18998,65534
Ooty,01-07-2024,736535,329149,407386,294614,1178,184134,368,184134,460,73654,134,437160,203993,95382,152995,74398,1770367,257787,1512580,478748,45,16,29,2024,7,July,Q3,204005.9501,59.35359487,736536,2140,344.1757009,65.00003394,240.3642733,16367.44444,64.44444444,35.55555556,50998,20984,71982
Salem,01-01-2024,959988,380107,579881,383995,1536,239997,480,239997,600,95999,175,590735,250769,118484,188077,92418,1826661,335996,1490665,623992,45,19,26,2024,1,January,Q1,250781.3422,61.53566503,959988,2791,343.9584378,64.99997917,190.279566,21333.06667,57.77777778,42.22222222,62692,26066,88758
Thoothukudi,01-07-2024,905534,382087,523447,362214,1449,226384,453,226384,566,90553,165,550335,204001,151198,153001,117934,1582557,316937,1265620,588597,45,17,28,2024,7,July,Q3,204017.6971,60.77463684,905535,2633,343.9175845,64.99998896,174.7650558,20122.97778,62.22222222,37.77777778,51000,33264,84264
Thoothukudi,01-08-2024,842013,321429,520584,336805,1347,210503,421,210503,526,84201,153,543188,218546,80279,163910,62618,1588495,294705,1293790,547308,45,18,27,2024,8,August,Q3,218555.5342,64.51064295,842012,2447,344.0997139,64.99994656,188.6544507,18711.4,60,40,54636,17661,72297
Thoothukudi,01-10-2024,1131376,484645,646731,452550,1810,282844,566,282844,707,113138,206,716737,263643,150996,197732,117777,1569037,395982,1173055,735394,45,16,29,2024,10,October,Q4,263656.3462,63.35091075,1131376,3289,343.9878382,64.99996464,138.6839565,25141.68889,64.44444444,35.55555556,65911,33219,99130
Thoothukudi,01-11-2025,741987,329680,412307,296795,1187,185497,371,185497,464,74199,135,412452,218960,110575,164220,86248,1517485,259695,1257790,482292,45,17,28,2025,11,November,Q4,218974.9026,55.58749682,741988,2157,343.9907279,65.00006065,204.5163864,16488.6,62.22222222,37.77777778,54740,24327,79067
Tirunelveli,01-04-2024,1089742,416562,673180,435897,1744,272436,545,272436,681,108974,198,631448,220659,237635,165494,185355,1509915,381410,1128505,708332,45,16,29,2024,4,April,Q2,220680.8065,57.94472453,1089743,3168,343.9845328,64.99997247,138.557108,24216.48889,64.44444444,35.55555556,55165,52280,107445
Tirunelveli,01-11-2025,795602,310945,484657,318241,1273,198900,398,198900,497,79560,145,467417,195253,132932,146440,103687,1435226,278461,1156765,517141,45,17,28,2025,11,November,Q4,195269.7084,58.7501037,795601,2313,343.9693039,64.99996229,180.3949714,17680.04444,62.22222222,37.77777778,48813,29245,78058
Tiruppur,01-05-2024,718617,296529,422088,287447,1150,179654,359,179654,449,71862,131,446103,177203,95311,132902,74343,1687686,251516,1436170,467101,45,19,26,2024,5,May,Q2,177216.2631,62.07799148,718617,2089,344.0004787,64.99999304,234.8519448,15969.26667,57.77777778,42.22222222,44301,20968,65269
Trichy,01-03-2025,941712,401036,540676,376685,1507,235428,471,235428,589,94171,171,595997,217629,128086,163222,99907,1539464,329599,1209865,612113,45,19,26,2025,3,March,Q1,217642.6014,63.28867,941712,2738,343.9415632,65.00002124,163.4750327,20926.93333,57.77777778,42.22222222,54407,28179,82586
Chennai,01-03-2024,926334,361470,564864,370534,1482,231584,463,231584,579,92633,168,550266,240363,135705,180272,105850,1484937,324217,1160720,602117,46,18,28,2024,3,March,Q1,240377.6497,59.40254811,926335,2692,344.1066122,64.9999892,160.3025475,20137.69565,60.86956522,39.13043478,60091,29855,89946
Chennai,01-10-2025,1148436,449635,698801,459374,1837,287109,574,287109,718,114844,209,727607,235923,184906,176942,144227,1868481,401953,1466528,746483,46,17,29,2025,10,October,Q4,235939.1007,63.35633853,1148436,3338,344.0491312,64.99996517,162.6978778,24966,63.04347826,36.95652174,58981,40679,99660
Coimbatore,01-10-2024,1007362,432758,574604,402945,1612,251840,504,251840,630,100736,183,580947,256532,169883,192399,132509,1791183,352577,1438606,654785,46,20,26,2024,10,October,Q4,256548.8641,57.67013248,1007361,2929,343.9265961,64.99997022,177.8092682,21899.17391,56.52173913,43.47826087,64133,37374,101507
Dindugal,01-11-2025,704962,275103,429859,281985,1128,176240,352,176240,441,70496,128,454144,210791,40027,158093,31221,1781391,246737,1534654,458225,46,17,29,2025,11,November,Q4,210796.6779,64.42106099,704961,2049,344.0512445,64.99995744,252.6931948,15325.26087,63.04347826,36.95652174,52698,8806,61504
Kodaikanal,01-09-2024,881714,366998,514716,352686,1411,220428,441,220428,551,88171,160,567838,250081,63795,187561,49760,1529074,308600,1220474,573114,46,17,29,2024,9,September,Q3,250088.2353,64.40160868,881713,2563,344.0159969,64.99998866,173.420633,19167.69565,63.04347826,36.95652174,62520,14035,76555
Kodaikanal,01-11-2024,1161555,501810,659745,464622,1858,290389,581,290389,726,116156,211,692389,303648,165518,227736,129104,1845472,406544,1438928,755011,46,18,28,2024,11,November,Q4,303662.2497,59.60880027,1161556,3376,344.0627962,65.00002152,158.8794332,25251.19565,60.86956522,39.13043478,75912,36414,112326
Madurai,01-03-2025,1137246,506231,631015,454898,1820,284312,569,284312,711,113725,207,716904,275575,144767,206681,112918,1649560,398036,1251524,739210,46,21,25,2025,3,March,Q1,275587.7296,63.03860378,1137247,3307,343.8908376,65.00000879,145.0486526,24722.73913,54.34782609,45.65217391,68894,31849,100743
Madurai,01-05-2025,1136630,502227,634403,454652,1819,284158,568,284158,710,113663,207,639352,271095,226183,203321,176423,1812552,397820,1414732,738810,46,18,28,2025,5,May,Q2,271114.8994,56.24979105,1136631,3304,344.0166465,65.00004399,159.4671969,24709.34783,60.86956522,39.13043478,67774,49760,117534
Madurai,01-11-2025,951268,423882,527386,380507,1522,237817,476,237817,595,95127,173,565984,206396,178888,154797,139533,1778082,332944,1445138,618324,46,17,29,2025,11,November,Q4,206414.8052,59.49784919,951268,2766,343.9146782,64.99997898,186.9170413,20679.73913,63.04347826,36.95652174,51599,39355,90954
Ooty,01-08-2024,864179,362633,501546,345672,1383,216045,432,216045,540,86418,157,510044,195552,158583,146664,123695,1730167,302463,1427704,561716,46,20,26,2024,8,August,Q3,195570.3507,59.02064271,864180,2512,344.0207006,64.9999595,200.2093316,18786.5,56.52173913,43.47826087,48888,34888,83776
Salem,01-06-2024,740436,322495,417941,296174,1185,185109,370,185109,463,74044,135,443601,183871,112964,137903,88112,1599043,259153,1339890,481283,46,19,27,2024,6,June,Q2,183886.2564,59.9107823,740436,2153,343.9089642,64.99994598,215.9596508,16096.43478,58.69565217,41.30434783,45968,24852,70820
Salem,01-02-2025,1199112,516666,682446,479645,1919,299778,600,299778,749,119911,218,733502,307114,158496,230336,123627,1859215,419689,1439526,779423,46,18,28,2025,2,February,Q1,307127.2178,61.17043279,1199112,3486,343.979346,65.00001668,155.0493198,26067.65217,60.86956522,39.13043478,76778,34869,111647
Thoothukudi,01-02-2025,1123645,488972,634673,449458,1798,280911,562,280911,702,112364,204,635318,230099,258228,172574,201418,1866566,393276,1473290,730369,46,21,25,2025,2,February,Q1,230121.9813,56.54081138,1123644,3266,344.0428659,64.99997775,166.1170565,24427.06522,54.34782609,45.65217391,57525,56810,114335
Tirunelveli,01-06-2025,720361,283364,436997,288144,1153,180090,360,180090,450,72036,131,422788,204668,92905,153501,72466,1587370,252126,1335244,468235,46,20,26,2025,6,June,Q2,204680.897,58.69112848,720360,2094,344.0114613,65.00004859,220.3575707,15660.02174,56.52173913,43.47826087,51167,20439,71606
Tiruppur,01-01-2025,1100994,494118,606876,440398,1762,275248,550,275248,688,110099,200,685175,290582,125237,217936,97685,1614654,385348,1229306,715646,46,20,26,2025,1,January,Q1,290593.3749,62.2324009,1100993,3200,344.0603125,64.99999092,146.6542052,23934.65217,56.52173913,43.47826087,72646,27552,100198
Chennai,01-06-2025,1003264,415019,588245,401306,1605,250816,502,250816,627,100326,182,650004,259242,94018,194432,73334,1745922,351142,1394780,652122,47,18,29,2025,6,June,Q2,259251.3712,64.78892894,1003264,2916,344.0548697,65.00003987,174.0241851,21346.04255,61.70212766,38.29787234,64810,20684,85494
Chennai,01-07-2025,819577,345928,473649,327831,1311,204894,410,204894,512,81958,149,487945,179789,151843,134842,118438,1797863,286852,1511011,532725,47,20,27,2025,7,July,Q3,179807.527,59.53619977,819577,2382,344.0709488,64.9999939,219.3647455,17437.80851,57.44680851,42.55319149,44947,33405,78352
Coimbatore,01-08-2025,851532,344513,507019,340613,1362,212883,426,212883,532,85153,155,480826,223527,147179,167645,114800,1697657,298036,1399621,553496,47,17,30,2025,8,August,Q3,223544.284,56.46599306,851532,2475,344.0533333,65.00002349,199.3650268,18117.70213,63.82978723,36.17021277,55882,32379,88261
Kanyakumari,01-11-2024,716302,292527,423775,286521,1146,179076,358,179076,448,71630,130,434961,180658,100683,135494,78533,1637167,250706,1386461,465596,47,17,30,2024,11,November,Q4,180672.0559,60.72313075,716303,2082,344.0456292,64.99995812,228.5582059,15240.46809,63.82978723,36.17021277,45164,22150,67314
Kanyakumari,01-07-2025,950360,398832,551528,380144,1521,237590,475,237590,594,95036,173,527456,275439,147465,206579,115023,1863236,332626,1530610,617734,47,19,28,2025,7,July,Q3,275454.5168,55.50065238,950360,2763,343.9594644,65,196.0558104,20220.42553,59.57446809,40.42553191,68860,32442,101302
Kodaikanal,01-02-2024,837180,371651,465529,334872,1339,209295,419,209295,523,83718,152,505759,191017,140404,143263,109515,1678628,293013,1385615,544167,47,19,28,2024,2,February,Q1,191033.7711,60.41221721,837180,2433,344.0937115,65,200.5098067,17812.34043,59.57446809,40.42553191,47754,30889,78643
Kodaikanal,01-06-2024,1107821,441903,665918,443128,1773,276955,554,276955,692,110782,201,701387,293957,112477,220468,87732,1922530,387737,1534793,720084,47,18,29,2024,6,June,Q2,293967.153,63.31230406,1107820,3220,344.0434783,65.00003159,173.541574,23570.65957,61.70212766,38.29787234,73489,24745,98234
Kodaikanal,01-10-2024,856518,366389,490129,342607,1370,214130,428,214130,535,85652,156,525917,193907,136694,145430,106621,1525784,299781,1226003,556737,47,19,28,2024,10,October,Q4,193922.9593,61.40174521,856519,2489,344.1217356,65.00003503,178.1379959,18223.78723,59.57446809,40.42553191,48477,30073,78550
Kodaikanal,01-06-2025,1008257,403338,604919,403303,1613,252064,504,252064,630,100826,183,637997,205812,164448,154359,128269,1540729,352890,1187839,655367,47,18,29,2025,6,June,Q2,205828.3101,63.27721999,1008257,2930,344.1150171,64.99999504,152.8111384,21452.2766,61.70212766,38.29787234,51453,36179,87632
Madurai,01-07-2024,747873,323197,424676,299149,1197,186968,374,186968,467,74787,136,476193,221623,50057,166217,39044,1778407,261756,1516651,486117,47,18,29,2024,7,July,Q3,221629.6932,63.67297656,747872,2174,344.0073597,64.99993983,237.7953209,15912.19149,61.70212766,38.29787234,55406,11013,66419
Ooty,01-11-2024,878557,348435,530122,351423,1406,219639,439,219639,549,87856,160,524609,232110,121838,174082,95034,1860712,307495,1553217,571062,47,18,29,2024,11,November,Q4,232123.868,59.71257414,878557,2554,343.9925607,64.99999431,211.7918359,18692.70213,61.70212766,38.29787234,58028,26804,84832
Salem,01-09-2025,1029326,422477,606849,411730,1647,257332,515,257332,643,102933,187,572723,267401,189202,200551,147578,1950846,360264,1590582,669062,47,21,26,2025,9,September,Q3,267419.3812,55.64058423,1029327,2992,344.0264037,65.00000972,189.5265446,21900.55319,55.31914894,44.68085106,66850,41624,108474
Thoothukudi,01-01-2024,763581,330763,432818,305432,1222,190895,382,190895,477,76358,139,485173,170333,108075,127750,84298,1574848,267253,1307595,496328,47,17,30,2024,1,January,Q1,170347.1537,63.53916611,763580,2220,343.954955,65.00004584,206.245048,16246.40426,63.82978723,36.17021277,42583,23777,66360
Thoothukudi,01-06-2024,890852,400240,490612,356341,1425,222713,445,222713,557,89085,162,520612,253521,116719,190141,91041,1731018,311798,1419220,579054,47,19,28,2024,6,June,Q2,253534.102,58.43978573,890852,2589,344.0911549,65.00002245,194.3103905,18954.29787,59.57446809,40.42553191,63380,25678,89058
Thoothukudi,01-09-2024,1025541,427258,598283,410216,1641,256385,513,256385,641,102554,186,666529,249507,109505,187130,85414,1528354,358939,1169415,666602,47,17,30,2024,9,September,Q3,249517.6778,64.99291593,1025540,2981,344.0254948,65.00003413,149.0290491,21820.02128,63.82978723,36.17021277,62377,24091,86468
Thoothukudi,01-01-2025,847170,329713,517457,338868,1355,211792,424,211792,529,84717,154,479010,226258,141902,169694,110684,1439981,296510,1143471,550660,47,18,29,2025,1,January,Q1,226274.7501,56.54237048,847169,2462,344.0978879,64.99994098,169.9754477,18024.89362,61.70212766,38.29787234,56564,31218,87782
Tirunelveli,01-01-2024,1178512,515619,662893,471405,1886,294628,589,294628,737,117851,214,672704,327915,177893,245936,138757,1678244,412479,1265765,766033,47,20,27,2024,1,January,Q1,327930.0947,57.08079341,1178512,3426,343.9906597,65.00001697,142.4036412,25074.7234,57.44680851,42.55319149,81979,39136,121115
Tirunelveli,01-02-2025,1189956,534423,655533,475982,1904,297489,595,297489,744,118996,216,769961,317177,102818,237883,80198,1877065,416485,1460580,773471,47,20,27,2025,2,February,Q1,317185.6405,64.7049975,1189956,3459,344.0173461,64.99996639,157.7423871,25318.21277,57.44680851,42.55319149,79294,22620,101914
Tirunelveli,01-12-2025,1141013,452433,688580,456405,1826,285253,571,285253,713,114101,207,635114,337416,168483,253062,131417,1781069,399355,1381714,741658,47,20,27,2025,12,December,Q4,337430.7661,55.66229307,1141012,3317,343.9891468,64.99996056,156.095417,24276.87234,57.44680851,42.55319149,84354,37066,121420
Tiruppur,01-06-2025,747209,304009,443200,298884,1196,186802,374,186802,467,74721,136,435143,202411,109655,151808,85531,1409694,261523,1148171,485686,47,16,31,2025,6,June,Q2,202425.6753,58.23578142,747209,2173,343.8605614,65.00002007,188.6612715,15898.06383,65.95744681,34.04255319,50603,24124,74727
Trichy,01-04-2025,749840,297706,452134,299936,1200,187460,375,187460,469,74984,136,445129,186266,118445,139700,92387,1536011,262444,1273567,487396,47,19,28,2025,4,April,Q2,186281.796,59.36319748,749840,2180,343.9633028,65,204.845167,15954.04255,59.57446809,40.42553191,46566,26058,72624
Coimbatore,01-01-2025,949940,367704,582236,379976,1520,237485,475,237485,594,94994,173,525373,234946,189621,176210,147904,1656143,332479,1323664,617461,48,21,27,2025,1,January,Q1,234965.9614,55.30591406,949940,2762,343.9319334,65,174.3418532,19790.41667,56.25,43.75,58736,41717,100453
Kodaikanal,01-07-2024,1072333,450443,621890,428933,1716,268083,536,268083,670,107233,195,623169,228428,220736,171321,172174,1911429,375317,1536112,697016,48,20,28,2024,7,July,Q3,228448.5847,58.11338455,1072332,3117,344.026949,64.99995804,178.2495736,22340.27083,58.33333333,41.66666667,57107,48562,105669
Kodaikanal,01-12-2024,1149611,496863,652748,459844,1839,287403,575,287403,719,114961,209,722659,309979,116973,232484,91239,1914044,402364,1511680,747247,48,18,30,2024,12,December,Q4,309989.175,62.86117652,1149611,3342,343.9889288,64.99998695,166.4949274,23950.22917,62.5,37.5,77495,25734,103229
Kodaikanal,01-04-2025,920209,388573,531636,368084,1472,230052,460,230052,575,92021,167,557436,206090,156683,154568,122213,1661433,322073,1339360,598136,48,20,28,2025,4,April,Q2,206107.0269,60.57710803,920209,2674,344.132012,65.0000163,180.5495273,19171.02083,58.33333333,41.66666667,51522,34470,85992
Kodaikanal,01-07-2025,1172569,521397,651172,469028,1876,293142,586,293142,733,117257,213,749077,311997,111495,233998,86966,1800639,410399,1390240,762170,48,20,28,2025,7,July,Q3,312006.5086,63.88340473,1172569,3408,344.0636737,65.00001279,153.5635856,24428.52083,58.33333333,41.66666667,77999,24529,102528
Madurai,01-06-2024,1101125,446616,654509,440450,1762,275281,551,275281,688,110112,200,711320,250029,139776,187522,109025,1547538,385394,1162144,715731,48,22,26,2024,6,June,Q2,250041.6939,64.59938699,1101124,3201,343.993752,64.9999773,140.5415371,22940.10417,54.16666667,45.83333333,62507,30751,93258
Madurai,01-10-2024,1159491,518703,640788,463796,1855,289873,580,289873,725,115949,211,665700,295782,198009,221836,154447,1798078,405822,1392256,753669,48,21,27,2024,10,October,Q4,295799.0772,57.41312352,1159491,3371,343.9605458,64.99998706,155.0747699,24156.0625,56.25,43.75,73946,43562,117508
Ooty,01-03-2024,746940,300264,446676,298776,1195,186735,373,186735,467,74694,136,458663,164794,123483,123596,96317,1779157,261429,1517728,485511,48,21,27,2024,3,March,Q1,164810.5318,61.40560152,746940,2171,344.0534316,65,238.1927598,15561.25,56.25,43.75,41198,27166,68364
Salem,01-12-2025,1038867,435665,603202,415547,1662,259717,519,259717,649,103887,189,587995,258563,192309,193922,150001,1656547,363603,1292944,675264,48,19,29,2025,12,December,Q4,258581.5114,56.59964173,1038868,3019,344.1099702,65.00004332,159.4570816,21643.0625,60.41666667,39.58333333,64641,42308,106949
Thoothukudi,01-04-2025,746583,314822,431761,298633,1195,186646,373,186646,467,74658,136,484422,165170,96991,123878,75653,1552328,261304,1291024,485279,48,20,28,2025,4,April,Q2,165182.9913,64.88521705,746583,2171,343.8889912,65.0000067,207.9243701,15553.8125,58.33333333,41.66666667,41292,21338,62630
Thoothukudi,01-08-2025,1187914,527468,660446,475166,1901,296978,594,296978,742,118791,216,727770,283763,176381,212822,137577,1694314,415770,1278544,772144,48,21,27,2025,8,August,Q3,283777.848,61.26453598,1187913,3453,344.0234579,64.99999158,142.6293486,24748.20833,56.25,43.75,70941,38804,109745
Tirunelveli,01-08-2024,720911,323761,397150,288364,1153,180228,360,180228,451,72091,131,445123,173379,102409,130034,79879,1443647,252319,1191328,468592,48,18,30,2024,8,August,Q3,173393.2055,61.74451493,720911,2095,344.1102625,64.99997919,200.2531519,15018.97917,62.5,37.5,43345,22530,65875
Tiruppur,01-04-2024,817130,322904,494226,326852,1307,204282,409,204282,511,81713,149,493873,169697,153560,127273,119777,1795612,285996,1509616,531134,48,21,27,2024,4,April,Q2,169715.7926,60.43995447,817129,2376,343.9095118,64.99993881,219.7461848,17023.54167,56.25,43.75,42424,33783,76207
Trichy,01-10-2025,919976,365560,554416,367990,1472,229994,460,229994,575,91998,167,573667,211408,134901,158556,105223,1792344,321992,1470352,597984,48,21,27,2025,10,October,Q4,211422.6635,62.35673539,919976,2674,344.0448766,64.99995652,194.8250824,19166.16667,56.25,43.75,52852,29678,82530
Chennai,01-02-2024,718708,302092,416616,287483,1150,179677,359,179677,449,71871,131,460996,170254,87458,127690,68217,1438553,251548,1187005,467160,49,18,31,2024,2,February,Q1,170266.1688,64.14232206,718708,2089,344.0440402,64.99997217,200.1582005,14667.5102,63.26530612,36.73469388,42564,19241,61805
Chennai,01-04-2025,808383,354497,453886,323353,1293,202096,404,202096,505,80838,147,455538,221356,131489,166017,102561,1620957,282934,1338023,525449,49,19,30,2025,4,April,Q2,221372.2657,56.35175406,808383,2349,344.1392082,65.00000619,200.5184424,16497.61224,61.2244898,38.7755102,55339,28928,84267
Chennai,01-05-2025,729486,321829,407657,291794,1167,182372,365,182372,456,72949,133,446767,203107,79612,152330,62097,1694332,255320,1439012,474166,49,21,28,2025,5,May,Q2,203117.9134,61.24408145,729487,2121,343.9354078,65.00001371,232.2638132,14887.46939,57.14285714,42.85714286,50777,17515,68292
Chennai,01-09-2025,1024638,417562,607076,409855,1639,256160,512,256160,640,102464,186,649918,304612,70108,228459,54684,1831445,358623,1472822,666015,49,21,28,2025,9,September,Q3,304618.8422,63.42903543,1024639,2977,344.1850857,65.00002928,178.740687,20910.97959,57.14285714,42.85714286,76153,15424,91577
Coimbatore,01-10-2025,706507,308071,398436,282603,1130,176627,353,176627,442,70651,128,401376,159484,145647,119613,113605,1469464,247277,1222187,459230,49,19,30,2025,10,October,Q4,159504.6151,56.81132671,706508,2053,344.1344374,65.00006369,207.9900128,14418.5102,61.2244898,38.7755102,39871,32042,71913
Dindugal,01-08-2025,962453,410706,551747,384981,1540,240613,481,240613,602,96245,175,580007,242050,140396,181538,109509,1576784,336859,1239925,625594,49,20,29,2025,8,August,Q3,242064.5873,60.26341027,962452,2798,343.9785561,64.99995324,163.8297143,19641.89796,59.18367347,40.81632653,60512,30887,91399
Kodaikanal,01-12-2025,1124235,451640,672595,449694,1799,281059,562,281059,703,112424,204,667324,231782,225129,173836,175601,1728957,393482,1335475,730753,49,21,28,2025,12,December,Q4,231802.0251,59.35805236,1124236,3268,344.0134639,65.00002224,153.7896436,22943.57143,57.14285714,42.85714286,57946,49528,107474
Ooty,01-02-2024,1159713,478786,680927,463885,1856,289928,580,289928,725,115971,211,718975,321907,118831,241430,92688,1607752,405900,1201852,753813,49,21,28,2024,2,February,Q1,321917.2466,61.9959421,1159712,3372,343.9240807,64.9999612,138.6336102,23667.61224,57.14285714,42.85714286,80477,26143,106620
Salem,01-01-2025,802230,349696,452534,320892,1284,200558,401,200558,501,80223,146,497303,182967,121960,137225,95129,1873848,280780,1593068,521450,49,21,28,2025,1,January,Q1,182982.2026,61.99007766,802231,2332,344.0098628,65.00006233,233.579896,16372.04082,57.14285714,42.85714286,45742,26831,72573
Tirunelveli,01-05-2024,963305,424585,538720,385322,1541,240826,482,240826,602,96330,175,554351,239670,169284,179752,132042,1862948,337157,1525791,626148,49,19,30,2024,5,May,Q2,239687.5733,57.54677906,963304,2800,344.0371429,64.99997405,193.3912935,19659.28571,61.2244898,38.7755102,59918,37242,97160
Tirunelveli,01-09-2024,1012107,396269,615838,404843,1619,253027,506,253027,633,101211,184,607180,214324,190603,160743,148670,1670945,354237,1316708,657870,49,19,30,2024,9,September,Q3,214342.8323,59.99168072,1012108,2942,344.0203943,65.00004446,165.0956865,20655.2449,61.2244898,38.7755102,53581,41933,95514
Tiruppur,01-03-2024,1019860,404051,615809,407944,1632,254965,510,254965,637,101986,185,587605,303346,128909,227510,100549,1596974,356951,1240023,662909,49,19,30,2024,3,March,Q1,303358.6399,57.61624144,1019860,2964,344.0823212,65,156.5875708,20813.46939,61.2244898,38.7755102,75836,28360,104196
Tiruppur,01-05-2025,1175848,470687,705161,470339,1881,293962,588,293962,735,117585,214,662007,284469,229372,213352,178910,1691309,411547,1279762,764301,49,20,29,2025,5,May,Q2,284488.5069,56.30038917,1175848,3418,344.0163839,64.99998299,143.8373837,23996.89796,59.18367347,40.81632653,71117,50462,121579
Trichy,01-06-2024,1063689,412747,650942,425476,1702,265922,532,265922,665,106369,193,625404,274867,163418,206150,127466,1813508,372291,1441217,691398,49,21,28,2024,6,June,Q2,274882.3633,58.79575703,1063689,3092,344.01326,65.0000141,170.492315,21707.93878,57.14285714,42.85714286,68717,35952,104669
